"a","20:5e:f7:56:53:44","-54","c4:a3:66:ba:07:be","-79","fc:ec:da:47:15:3b","-66","fc:ec:da:47:11:17","-71","fc:ec:da:47:0d:7f","-75"
"a","20:5e:f7:56:53:44","-54","c4:a3:66:ba:07:be","-79","fc:ec:da:47:15:3b","-62","fc:ec:da:47:11:17","-71","fc:ec:da:47:0d:7f","-75"
"a","20:5e:f7:56:53:44","-54","c4:a3:66:ba:07:be","-79","fc:ec:da:47:15:3b","-62","fc:ec:da:47:11:17","-71","fc:ec:da:47:0d:7f","-75"
"a","20:5e:f7:56:53:44","-54","c4:a3:66:ba:07:be","-79","fc:ec:da:47:15:3b","-62","fc:ec:da:47:11:17","-71","fc:ec:da:47:0d:7f","-75"
"a","20:5e:f7:56:53:44","-54","c4:a3:66:ba:07:be","-79","fc:ec:da:47:15:3b","-62","fc:ec:da:47:11:17","-71","fc:ec:da:47:0d:7f","-75"
"a","20:5e:f7:56:53:44","-54","c4:a3:66:ba:07:be","-79","fc:ec:da:47:15:3b","-62","fc:ec:da:47:11:17","-71","fc:ec:da:47:0d:7f","-75"
"a","20:5e:f7:56:53:44","-54","c4:a3:66:ba:07:be","-79","fc:ec:da:47:15:3b","-62","fc:ec:da:47:11:17","-71","fc:ec:da:47:0d:7f","-75"
"a","20:5e:f7:56:53:44","-54","c4:a3:66:ba:07:be","-79","fc:ec:da:47:15:3b","-62","fc:ec:da:47:11:17","-71","fc:ec:da:47:0d:7f","-75"
"a","20:5e:f7:56:53:44","-54","c4:a3:66:ba:07:be","-79","fc:ec:da:47:15:3b","-62","fc:ec:da:47:11:17","-71","fc:ec:da:47:0d:7f","-75"
"a","20:5e:f7:56:53:44","-54","c4:a3:66:ba:07:be","-79","fc:ec:da:47:15:3b","-62","fc:ec:da:47:11:17","-71","fc:ec:da:47:0d:7f","-75"
"a","20:5e:f7:56:53:44","-54","c4:a3:66:ba:07:be","-79","fc:ec:da:47:15:3b","-62","fc:ec:da:47:11:17","-71","fc:ec:da:47:0d:7f","-75"
"a","20:5e:f7:56:53:44","-54","c4:a3:66:ba:07:be","-79","fc:ec:da:47:15:3b","-62","fc:ec:da:47:11:17","-71","fc:ec:da:47:0d:7f","-75"
"a","20:5e:f7:56:53:44","-54","c4:a3:66:ba:07:be","-79","fc:ec:da:47:15:3b","-62","fc:ec:da:47:11:17","-71","fc:ec:da:47:0d:7f","-75"
"a","20:5e:f7:56:53:44","-54","c4:a3:66:ba:07:be","-79","fc:ec:da:47:15:3b","-62","fc:ec:da:47:11:17","-71","fc:ec:da:47:0d:7f","-75"
"a","20:5e:f7:56:53:44","-54","c4:a3:66:ba:07:be","-79","fc:ec:da:47:15:3b","-62","fc:ec:da:47:11:17","-71","fc:ec:da:47:0d:7f","-75"
"a","20:5e:f7:56:53:44","-54","c4:a3:66:ba:07:be","-79","fc:ec:da:47:15:3b","-62","fc:ec:da:47:11:17","-71","fc:ec:da:47:0d:7f","-75"
"a","20:5e:f7:56:53:44","-54","c4:a3:66:ba:07:be","-79","fc:ec:da:47:15:3b","-62","fc:ec:da:47:11:17","-71","fc:ec:da:47:0d:7f","-75"
"a","20:5e:f7:56:53:44","-54","c4:a3:66:ba:07:be","-79","fc:ec:da:47:15:3b","-62","fc:ec:da:47:11:17","-71","fc:ec:da:47:0d:7f","-75"
"a","20:5e:f7:56:53:44","-54","c4:a3:66:ba:07:be","-79","fc:ec:da:47:15:3b","-62","fc:ec:da:47:11:17","-71","fc:ec:da:47:0d:7f","-75"
"a","20:5e:f7:56:53:44","-54","c4:a3:66:ba:07:be","-79","fc:ec:da:47:15:3b","-62","fc:ec:da:47:11:17","-71","fc:ec:da:47:0d:7f","-75"
"b","20:5e:f7:56:53:44","-54","c4:a3:66:ba:07:be","-79","fc:ec:da:47:15:3b","-62","fc:ec:da:47:11:17","-71","fc:ec:da:47:0d:7f","-81","4c:5e:0c:9d:fb:ff","-79","6a:4b:aa:6c:8f:32","-84"
"b","20:5e:f7:56:53:44","-54","c4:a3:66:ba:07:be","-79","fc:ec:da:47:15:3b","-62","fc:ec:da:47:11:17","-71","fc:ec:da:47:0d:7f","-81","4c:5e:0c:9d:fb:ff","-79","6a:4b:aa:6c:8f:32","-84"
"b","20:5e:f7:56:53:44","-54","c4:a3:66:ba:07:be","-79","fc:ec:da:47:15:3b","-62","fc:ec:da:47:11:17","-71","fc:ec:da:47:0d:7f","-81","4c:5e:0c:9d:fb:ff","-79","6a:4b:aa:6c:8f:32","-84"
"b","20:5e:f7:56:53:44","-54","c4:a3:66:ba:07:be","-79","fc:ec:da:47:15:3b","-62","fc:ec:da:47:11:17","-71","fc:ec:da:47:0d:7f","-81","4c:5e:0c:9d:fb:ff","-79","6a:4b:aa:6c:8f:32","-84"
"b","20:5e:f7:56:53:44","-54","c4:a3:66:ba:07:be","-79","fc:ec:da:47:15:3b","-62","fc:ec:da:47:11:17","-71","fc:ec:da:47:0d:7f","-81","4c:5e:0c:9d:fb:ff","-79","6a:4b:aa:6c:8f:32","-84"
"b","20:5e:f7:56:53:44","-54","c4:a3:66:ba:07:be","-81","fc:ec:da:47:15:3b","-66","fc:ec:da:47:11:17","-65","fc:ec:da:47:0d:7f","-81","4c:5e:0c:9d:fb:ff","-79","6a:4b:aa:6c:8f:32","-84","bc:20:10:4a:da:22","-83","98:de:d0:ed:3f:24","-86","04:18:d6:ad:03:86","-80"
"b","20:5e:f7:56:53:44","-54","c4:a3:66:ba:07:be","-81","fc:ec:da:47:15:3b","-66","fc:ec:da:47:11:17","-65","fc:ec:da:47:0d:7f","-81","4c:5e:0c:9d:fb:ff","-79","6a:4b:aa:6c:8f:32","-84","bc:20:10:4a:da:22","-83","98:de:d0:ed:3f:24","-86","04:18:d6:ad:03:86","-80"
"b","20:5e:f7:56:53:44","-54","c4:a3:66:ba:07:be","-81","fc:ec:da:47:15:3b","-66","fc:ec:da:47:11:17","-65","fc:ec:da:47:0d:7f","-81","4c:5e:0c:9d:fb:ff","-79","6a:4b:aa:6c:8f:32","-84","bc:20:10:4a:da:22","-83","98:de:d0:ed:3f:24","-86","04:18:d6:ad:03:86","-80"
"b","20:5e:f7:56:53:44","-54","c4:a3:66:ba:07:be","-81","fc:ec:da:47:15:3b","-66","fc:ec:da:47:11:17","-65","fc:ec:da:47:0d:7f","-81","4c:5e:0c:9d:fb:ff","-79","6a:4b:aa:6c:8f:32","-84","bc:20:10:4a:da:22","-83","98:de:d0:ed:3f:24","-86","04:18:d6:ad:03:86","-80"
"b","20:5e:f7:56:53:44","-54","c4:a3:66:ba:07:be","-81","fc:ec:da:47:15:3b","-66","fc:ec:da:47:11:17","-65","fc:ec:da:47:0d:7f","-81","4c:5e:0c:9d:fb:ff","-79","6a:4b:aa:6c:8f:32","-84","bc:20:10:4a:da:22","-83","98:de:d0:ed:3f:24","-86","04:18:d6:ad:03:86","-80"
"b","20:5e:f7:56:53:44","-54","c4:a3:66:ba:07:be","-81","fc:ec:da:47:15:3b","-66","fc:ec:da:47:11:17","-65","fc:ec:da:47:0d:7f","-81","4c:5e:0c:9d:fb:ff","-79","6a:4b:aa:6c:8f:32","-84","bc:20:10:4a:da:22","-83","98:de:d0:ed:3f:24","-86","04:18:d6:ad:03:86","-80"
"b","20:5e:f7:56:53:44","-54","c4:a3:66:ba:07:be","-81","fc:ec:da:47:15:3b","-66","fc:ec:da:47:11:17","-65","fc:ec:da:47:0d:7f","-81","4c:5e:0c:9d:fb:ff","-79","6a:4b:aa:6c:8f:32","-84","bc:20:10:4a:da:22","-83","98:de:d0:ed:3f:24","-86","04:18:d6:ad:03:86","-80"
"b","20:5e:f7:56:53:44","-54","c4:a3:66:ba:07:be","-81","fc:ec:da:47:15:3b","-66","fc:ec:da:47:11:17","-65","fc:ec:da:47:0d:7f","-81","4c:5e:0c:9d:fb:ff","-79","6a:4b:aa:6c:8f:32","-84","bc:20:10:4a:da:22","-83","98:de:d0:ed:3f:24","-86","04:18:d6:ad:03:86","-80"
"b","20:5e:f7:56:53:44","-54","c4:a3:66:ba:07:be","-81","fc:ec:da:47:15:3b","-66","fc:ec:da:47:11:17","-65","fc:ec:da:47:0d:7f","-81","4c:5e:0c:9d:fb:ff","-79","6a:4b:aa:6c:8f:32","-84","bc:20:10:4a:da:22","-83","98:de:d0:ed:3f:24","-86","04:18:d6:ad:03:86","-80"
"b","20:5e:f7:56:53:44","-54","c4:a3:66:ba:07:be","-81","fc:ec:da:47:15:3b","-66","fc:ec:da:47:11:17","-65","fc:ec:da:47:0d:7f","-81","4c:5e:0c:9d:fb:ff","-79","6a:4b:aa:6c:8f:32","-84","bc:20:10:4a:da:22","-83","98:de:d0:ed:3f:24","-86","04:18:d6:ad:03:86","-80"
"b","20:5e:f7:56:53:44","-54","c4:a3:66:ba:07:be","-81","fc:ec:da:47:15:3b","-66","fc:ec:da:47:11:17","-65","fc:ec:da:47:0d:7f","-81","4c:5e:0c:9d:fb:ff","-79","6a:4b:aa:6c:8f:32","-84","bc:20:10:4a:da:22","-83","98:de:d0:ed:3f:24","-86","04:18:d6:ad:03:86","-80"
"b","20:5e:f7:56:53:44","-54","c4:a3:66:ba:07:be","-81","fc:ec:da:47:15:3b","-66","fc:ec:da:47:11:17","-65","fc:ec:da:47:0d:7f","-81","4c:5e:0c:9d:fb:ff","-79","6a:4b:aa:6c:8f:32","-84","bc:20:10:4a:da:22","-83","98:de:d0:ed:3f:24","-86","04:18:d6:ad:03:86","-80"
"b","20:5e:f7:56:53:44","-54","c4:a3:66:ba:07:be","-81","fc:ec:da:47:15:3b","-66","fc:ec:da:47:11:17","-65","fc:ec:da:47:0d:7f","-81","4c:5e:0c:9d:fb:ff","-79","6a:4b:aa:6c:8f:32","-84","bc:20:10:4a:da:22","-83","98:de:d0:ed:3f:24","-86","04:18:d6:ad:03:86","-80"
"b","20:5e:f7:56:53:44","-54","c4:a3:66:ba:07:be","-81","fc:ec:da:47:15:3b","-66","fc:ec:da:47:11:17","-65","fc:ec:da:47:0d:7f","-81","4c:5e:0c:9d:fb:ff","-79","6a:4b:aa:6c:8f:32","-84","bc:20:10:4a:da:22","-83","98:de:d0:ed:3f:24","-86","04:18:d6:ad:03:86","-80"
"b","20:5e:f7:56:53:44","-54","c4:a3:66:ba:07:be","-81","fc:ec:da:47:15:3b","-66","fc:ec:da:47:11:17","-65","fc:ec:da:47:0d:7f","-81","4c:5e:0c:9d:fb:ff","-79","6a:4b:aa:6c:8f:32","-84","bc:20:10:4a:da:22","-83","98:de:d0:ed:3f:24","-86","04:18:d6:ad:03:86","-80"
"c","20:5e:f7:56:53:44","-64","c4:a3:66:ba:07:be","-82","fc:ec:da:47:15:3b","-63","fc:ec:da:47:11:17","-65","fc:ec:da:47:0d:7f","-81","4c:5e:0c:9d:fb:ff","-79","6a:4b:aa:6c:8f:32","-84","bc:20:10:4a:da:22","-83","98:de:d0:ed:3f:24","-79","04:18:d6:ad:03:86","-80","fc:ec:da:47:1f:b7","-67","2a:6b:ad:71:3f:0b","-86"
"c","20:5e:f7:56:53:44","-64","c4:a3:66:ba:07:be","-82","fc:ec:da:47:15:3b","-63","fc:ec:da:47:11:17","-65","fc:ec:da:47:0d:7f","-81","4c:5e:0c:9d:fb:ff","-79","6a:4b:aa:6c:8f:32","-84","bc:20:10:4a:da:22","-83","98:de:d0:ed:3f:24","-79","04:18:d6:ad:03:86","-80","fc:ec:da:47:1f:b7","-67","2a:6b:ad:71:3f:0b","-86"
"c","20:5e:f7:56:53:44","-64","c4:a3:66:ba:07:be","-82","fc:ec:da:47:15:3b","-63","fc:ec:da:47:11:17","-65","fc:ec:da:47:0d:7f","-81","4c:5e:0c:9d:fb:ff","-79","6a:4b:aa:6c:8f:32","-84","bc:20:10:4a:da:22","-83","98:de:d0:ed:3f:24","-79","04:18:d6:ad:03:86","-80","fc:ec:da:47:1f:b7","-67","2a:6b:ad:71:3f:0b","-86"
"c","20:5e:f7:56:53:44","-64","c4:a3:66:ba:07:be","-82","fc:ec:da:47:15:3b","-63","fc:ec:da:47:11:17","-65","fc:ec:da:47:0d:7f","-81","4c:5e:0c:9d:fb:ff","-79","6a:4b:aa:6c:8f:32","-84","bc:20:10:4a:da:22","-83","98:de:d0:ed:3f:24","-79","04:18:d6:ad:03:86","-80","fc:ec:da:47:1f:b7","-67","2a:6b:ad:71:3f:0b","-86"
"c","20:5e:f7:56:53:44","-64","c4:a3:66:ba:07:be","-82","fc:ec:da:47:15:3b","-63","fc:ec:da:47:11:17","-65","fc:ec:da:47:0d:7f","-81","4c:5e:0c:9d:fb:ff","-79","6a:4b:aa:6c:8f:32","-84","bc:20:10:4a:da:22","-83","98:de:d0:ed:3f:24","-79","04:18:d6:ad:03:86","-80","fc:ec:da:47:1f:b7","-67","2a:6b:ad:71:3f:0b","-86"
"c","20:5e:f7:56:53:44","-64","c4:a3:66:ba:07:be","-82","fc:ec:da:47:15:3b","-63","fc:ec:da:47:11:17","-65","fc:ec:da:47:0d:7f","-81","4c:5e:0c:9d:fb:ff","-79","6a:4b:aa:6c:8f:32","-84","bc:20:10:4a:da:22","-83","98:de:d0:ed:3f:24","-79","04:18:d6:ad:03:86","-80","fc:ec:da:47:1f:b7","-67","2a:6b:ad:71:3f:0b","-86"
"c","20:5e:f7:56:53:44","-64","c4:a3:66:ba:07:be","-82","fc:ec:da:47:15:3b","-63","fc:ec:da:47:11:17","-65","fc:ec:da:47:0d:7f","-81","4c:5e:0c:9d:fb:ff","-79","6a:4b:aa:6c:8f:32","-84","bc:20:10:4a:da:22","-83","98:de:d0:ed:3f:24","-79","04:18:d6:ad:03:86","-80","fc:ec:da:47:1f:b7","-67","2a:6b:ad:71:3f:0b","-86"
"c","20:5e:f7:56:53:44","-64","c4:a3:66:ba:07:be","-82","fc:ec:da:47:15:3b","-63","fc:ec:da:47:11:17","-65","fc:ec:da:47:0d:7f","-81","4c:5e:0c:9d:fb:ff","-79","6a:4b:aa:6c:8f:32","-84","bc:20:10:4a:da:22","-83","98:de:d0:ed:3f:24","-79","04:18:d6:ad:03:86","-80","fc:ec:da:47:1f:b7","-67","2a:6b:ad:71:3f:0b","-86"
"c","20:5e:f7:56:53:44","-64","c4:a3:66:ba:07:be","-82","fc:ec:da:47:15:3b","-63","fc:ec:da:47:11:17","-65","fc:ec:da:47:0d:7f","-81","4c:5e:0c:9d:fb:ff","-79","6a:4b:aa:6c:8f:32","-84","bc:20:10:4a:da:22","-83","98:de:d0:ed:3f:24","-79","04:18:d6:ad:03:86","-80","fc:ec:da:47:1f:b7","-67","2a:6b:ad:71:3f:0b","-86"
"c","20:5e:f7:56:53:44","-64","c4:a3:66:ba:07:be","-82","fc:ec:da:47:15:3b","-63","fc:ec:da:47:11:17","-65","fc:ec:da:47:0d:7f","-81","4c:5e:0c:9d:fb:ff","-79","6a:4b:aa:6c:8f:32","-84","bc:20:10:4a:da:22","-83","98:de:d0:ed:3f:24","-79","04:18:d6:ad:03:86","-80","fc:ec:da:47:1f:b7","-67","2a:6b:ad:71:3f:0b","-86"
"c","20:5e:f7:56:53:44","-64","c4:a3:66:ba:07:be","-82","fc:ec:da:47:15:3b","-63","fc:ec:da:47:11:17","-65","fc:ec:da:47:0d:7f","-81","4c:5e:0c:9d:fb:ff","-79","6a:4b:aa:6c:8f:32","-84","bc:20:10:4a:da:22","-83","98:de:d0:ed:3f:24","-79","04:18:d6:ad:03:86","-80","fc:ec:da:47:1f:b7","-67","2a:6b:ad:71:3f:0b","-86"
"c","20:5e:f7:56:53:44","-64","c4:a3:66:ba:07:be","-82","fc:ec:da:47:15:3b","-63","fc:ec:da:47:11:17","-65","fc:ec:da:47:0d:7f","-81","4c:5e:0c:9d:fb:ff","-79","6a:4b:aa:6c:8f:32","-84","bc:20:10:4a:da:22","-83","98:de:d0:ed:3f:24","-79","04:18:d6:ad:03:86","-80","fc:ec:da:47:1f:b7","-67","2a:6b:ad:71:3f:0b","-86"
"c","20:5e:f7:56:53:44","-64","c4:a3:66:ba:07:be","-82","fc:ec:da:47:15:3b","-63","fc:ec:da:47:11:17","-65","fc:ec:da:47:0d:7f","-81","4c:5e:0c:9d:fb:ff","-79","6a:4b:aa:6c:8f:32","-84","bc:20:10:4a:da:22","-83","98:de:d0:ed:3f:24","-79","04:18:d6:ad:03:86","-80","fc:ec:da:47:1f:b7","-67","2a:6b:ad:71:3f:0b","-86"
"c","20:5e:f7:56:53:44","-64","c4:a3:66:ba:07:be","-82","fc:ec:da:47:15:3b","-63","fc:ec:da:47:11:17","-65","fc:ec:da:47:0d:7f","-81","4c:5e:0c:9d:fb:ff","-79","6a:4b:aa:6c:8f:32","-84","bc:20:10:4a:da:22","-83","98:de:d0:ed:3f:24","-79","04:18:d6:ad:03:86","-80","fc:ec:da:47:1f:b7","-67","2a:6b:ad:71:3f:0b","-86"
"c","20:5e:f7:56:53:44","-64","c4:a3:66:ba:07:be","-82","fc:ec:da:47:15:3b","-63","fc:ec:da:47:11:17","-65","fc:ec:da:47:0d:7f","-81","4c:5e:0c:9d:fb:ff","-79","6a:4b:aa:6c:8f:32","-84","bc:20:10:4a:da:22","-83","98:de:d0:ed:3f:24","-79","04:18:d6:ad:03:86","-80","fc:ec:da:47:1f:b7","-67","2a:6b:ad:71:3f:0b","-86"
"c","20:5e:f7:56:53:44","-64","c4:a3:66:ba:07:be","-82","fc:ec:da:47:15:3b","-63","fc:ec:da:47:11:17","-64","fc:ec:da:47:0d:7f","-81","4c:5e:0c:9d:fb:ff","-79","6a:4b:aa:6c:8f:32","-84","bc:20:10:4a:da:22","-83","98:de:d0:ed:3f:24","-79","04:18:d6:ad:03:86","-80","fc:ec:da:47:1f:b7","-67","2a:6b:ad:71:3f:0b","-86"
"c","20:5e:f7:56:53:44","-64","c4:a3:66:ba:07:be","-82","fc:ec:da:47:15:3b","-63","fc:ec:da:47:11:17","-64","fc:ec:da:47:0d:7f","-81","4c:5e:0c:9d:fb:ff","-79","6a:4b:aa:6c:8f:32","-84","bc:20:10:4a:da:22","-83","98:de:d0:ed:3f:24","-79","04:18:d6:ad:03:86","-80","fc:ec:da:47:1f:b7","-67","2a:6b:ad:71:3f:0b","-86"
"c","20:5e:f7:56:53:44","-64","c4:a3:66:ba:07:be","-82","fc:ec:da:47:15:3b","-63","fc:ec:da:47:11:17","-64","fc:ec:da:47:0d:7f","-81","4c:5e:0c:9d:fb:ff","-79","6a:4b:aa:6c:8f:32","-84","bc:20:10:4a:da:22","-83","98:de:d0:ed:3f:24","-79","04:18:d6:ad:03:86","-80","fc:ec:da:47:1f:b7","-67","2a:6b:ad:71:3f:0b","-86"
"c","20:5e:f7:56:53:44","-64","c4:a3:66:ba:07:be","-82","fc:ec:da:47:15:3b","-63","fc:ec:da:47:11:17","-64","fc:ec:da:47:0d:7f","-81","4c:5e:0c:9d:fb:ff","-79","6a:4b:aa:6c:8f:32","-84","bc:20:10:4a:da:22","-83","98:de:d0:ed:3f:24","-79","04:18:d6:ad:03:86","-80","fc:ec:da:47:1f:b7","-67","2a:6b:ad:71:3f:0b","-86"
"c","20:5e:f7:56:53:44","-64","c4:a3:66:ba:07:be","-82","fc:ec:da:47:15:3b","-63","fc:ec:da:47:11:17","-64","fc:ec:da:47:0d:7f","-81","4c:5e:0c:9d:fb:ff","-79","6a:4b:aa:6c:8f:32","-84","bc:20:10:4a:da:22","-83","98:de:d0:ed:3f:24","-79","04:18:d6:ad:03:86","-80","fc:ec:da:47:1f:b7","-67","2a:6b:ad:71:3f:0b","-86"
"d","20:5e:f7:56:53:44","-61","c4:a3:66:ba:07:be","-78","fc:ec:da:47:15:3b","-63","fc:ec:da:47:11:17","-64","6a:4b:aa:6c:8f:32","-80","98:de:d0:ed:3f:24","-79","fc:ec:da:47:1f:b7","-67","2a:6b:ad:71:3f:0b","-86"
"d","20:5e:f7:56:53:44","-61","c4:a3:66:ba:07:be","-78","fc:ec:da:47:15:3b","-63","fc:ec:da:47:11:17","-64","6a:4b:aa:6c:8f:32","-80","98:de:d0:ed:3f:24","-79","fc:ec:da:47:1f:b7","-67","2a:6b:ad:71:3f:0b","-86"
"d","20:5e:f7:56:53:44","-61","c4:a3:66:ba:07:be","-78","fc:ec:da:47:15:3b","-63","fc:ec:da:47:11:17","-64","6a:4b:aa:6c:8f:32","-80","98:de:d0:ed:3f:24","-79","fc:ec:da:47:1f:b7","-67","2a:6b:ad:71:3f:0b","-86"
"d","20:5e:f7:56:53:44","-61","c4:a3:66:ba:07:be","-78","fc:ec:da:47:15:3b","-63","fc:ec:da:47:11:17","-64","6a:4b:aa:6c:8f:32","-80","98:de:d0:ed:3f:24","-79","fc:ec:da:47:1f:b7","-67","2a:6b:ad:71:3f:0b","-86"
"d","20:5e:f7:56:53:44","-61","c4:a3:66:ba:07:be","-78","fc:ec:da:47:15:3b","-64","fc:ec:da:47:11:17","-57","6a:4b:aa:6c:8f:32","-82","98:de:d0:ed:3f:24","-80","fc:ec:da:47:1f:b7","-78","2a:6b:ad:71:3f:0b","-86","04:18:d6:ad:04:71","-82"
"d","20:5e:f7:56:53:44","-61","c4:a3:66:ba:07:be","-78","fc:ec:da:47:15:3b","-64","fc:ec:da:47:11:17","-57","6a:4b:aa:6c:8f:32","-82","98:de:d0:ed:3f:24","-80","fc:ec:da:47:1f:b7","-78","2a:6b:ad:71:3f:0b","-86","04:18:d6:ad:04:71","-82"
"d","20:5e:f7:56:53:44","-61","c4:a3:66:ba:07:be","-78","fc:ec:da:47:15:3b","-64","fc:ec:da:47:11:17","-57","6a:4b:aa:6c:8f:32","-82","98:de:d0:ed:3f:24","-80","fc:ec:da:47:1f:b7","-78","2a:6b:ad:71:3f:0b","-86","04:18:d6:ad:04:71","-82"
"d","20:5e:f7:56:53:44","-61","c4:a3:66:ba:07:be","-78","fc:ec:da:47:15:3b","-64","fc:ec:da:47:11:17","-57","6a:4b:aa:6c:8f:32","-82","98:de:d0:ed:3f:24","-80","fc:ec:da:47:1f:b7","-78","2a:6b:ad:71:3f:0b","-86","04:18:d6:ad:04:71","-82"
"d","20:5e:f7:56:53:44","-61","c4:a3:66:ba:07:be","-78","fc:ec:da:47:15:3b","-64","fc:ec:da:47:11:17","-57","6a:4b:aa:6c:8f:32","-82","98:de:d0:ed:3f:24","-80","fc:ec:da:47:1f:b7","-78","2a:6b:ad:71:3f:0b","-86","04:18:d6:ad:04:71","-82"
"d","20:5e:f7:56:53:44","-61","c4:a3:66:ba:07:be","-78","fc:ec:da:47:15:3b","-64","fc:ec:da:47:11:17","-57","6a:4b:aa:6c:8f:32","-82","98:de:d0:ed:3f:24","-80","fc:ec:da:47:1f:b7","-78","2a:6b:ad:71:3f:0b","-86","04:18:d6:ad:04:71","-82"
"d","20:5e:f7:56:53:44","-61","c4:a3:66:ba:07:be","-78","fc:ec:da:47:15:3b","-64","fc:ec:da:47:11:17","-57","6a:4b:aa:6c:8f:32","-82","98:de:d0:ed:3f:24","-80","fc:ec:da:47:1f:b7","-78","2a:6b:ad:71:3f:0b","-86","04:18:d6:ad:04:71","-82"
"d","20:5e:f7:56:53:44","-61","c4:a3:66:ba:07:be","-78","fc:ec:da:47:15:3b","-64","fc:ec:da:47:11:17","-57","6a:4b:aa:6c:8f:32","-82","98:de:d0:ed:3f:24","-80","fc:ec:da:47:1f:b7","-78","2a:6b:ad:71:3f:0b","-86","04:18:d6:ad:04:71","-82"
"d","20:5e:f7:56:53:44","-61","c4:a3:66:ba:07:be","-78","fc:ec:da:47:15:3b","-64","fc:ec:da:47:11:17","-57","6a:4b:aa:6c:8f:32","-82","98:de:d0:ed:3f:24","-80","fc:ec:da:47:1f:b7","-78","2a:6b:ad:71:3f:0b","-86","04:18:d6:ad:04:71","-82"
"d","20:5e:f7:56:53:44","-61","c4:a3:66:ba:07:be","-78","fc:ec:da:47:15:3b","-64","fc:ec:da:47:11:17","-57","6a:4b:aa:6c:8f:32","-82","98:de:d0:ed:3f:24","-80","fc:ec:da:47:1f:b7","-78","2a:6b:ad:71:3f:0b","-86","04:18:d6:ad:04:71","-82"
"d","20:5e:f7:56:53:44","-61","c4:a3:66:ba:07:be","-78","fc:ec:da:47:15:3b","-64","fc:ec:da:47:11:17","-57","6a:4b:aa:6c:8f:32","-82","98:de:d0:ed:3f:24","-80","fc:ec:da:47:1f:b7","-78","2a:6b:ad:71:3f:0b","-86","04:18:d6:ad:04:71","-82"
"d","20:5e:f7:56:53:44","-61","c4:a3:66:ba:07:be","-78","fc:ec:da:47:15:3b","-64","fc:ec:da:47:11:17","-57","6a:4b:aa:6c:8f:32","-82","98:de:d0:ed:3f:24","-80","fc:ec:da:47:1f:b7","-78","2a:6b:ad:71:3f:0b","-86","04:18:d6:ad:04:71","-82"
"d","20:5e:f7:56:53:44","-61","c4:a3:66:ba:07:be","-78","fc:ec:da:47:15:3b","-64","fc:ec:da:47:11:17","-57","6a:4b:aa:6c:8f:32","-82","98:de:d0:ed:3f:24","-80","fc:ec:da:47:1f:b7","-78","2a:6b:ad:71:3f:0b","-86","04:18:d6:ad:04:71","-82"
"d","20:5e:f7:56:53:44","-61","c4:a3:66:ba:07:be","-78","fc:ec:da:47:15:3b","-64","fc:ec:da:47:11:17","-57","6a:4b:aa:6c:8f:32","-82","98:de:d0:ed:3f:24","-80","fc:ec:da:47:1f:b7","-78","2a:6b:ad:71:3f:0b","-86","04:18:d6:ad:04:71","-82"
"d","20:5e:f7:56:53:44","-61","c4:a3:66:ba:07:be","-78","fc:ec:da:47:15:3b","-64","fc:ec:da:47:11:17","-57","6a:4b:aa:6c:8f:32","-82","98:de:d0:ed:3f:24","-80","fc:ec:da:47:1f:b7","-78","2a:6b:ad:71:3f:0b","-86","04:18:d6:ad:04:71","-82"
"d","20:5e:f7:56:53:44","-61","c4:a3:66:ba:07:be","-78","fc:ec:da:47:15:3b","-64","fc:ec:da:47:11:17","-57","6a:4b:aa:6c:8f:32","-82","98:de:d0:ed:3f:24","-80","fc:ec:da:47:1f:b7","-78","2a:6b:ad:71:3f:0b","-86","04:18:d6:ad:04:71","-82"
"e","20:5e:f7:56:53:44","-63","c4:a3:66:ba:07:be","-75","fc:ec:da:47:15:3b","-62","fc:ec:da:47:11:17","-59","6a:4b:aa:6c:8f:32","-82","98:de:d0:ed:3f:24","-78","fc:ec:da:47:1f:b7","-78","2a:6b:ad:71:3f:0b","-82","04:18:d6:ad:04:71","-82","04:18:d6:0b:8c:e2","-74","58:6d:8f:3d:80:a4","-85","04:18:d6:ad:03:d5","-77"
"e","20:5e:f7:56:53:44","-63","c4:a3:66:ba:07:be","-75","fc:ec:da:47:15:3b","-62","fc:ec:da:47:11:17","-59","6a:4b:aa:6c:8f:32","-82","98:de:d0:ed:3f:24","-78","fc:ec:da:47:1f:b7","-78","2a:6b:ad:71:3f:0b","-82","04:18:d6:ad:04:71","-82","04:18:d6:0b:8c:e2","-74","58:6d:8f:3d:80:a4","-85","04:18:d6:ad:03:d5","-77"
"e","20:5e:f7:56:53:44","-63","c4:a3:66:ba:07:be","-75","fc:ec:da:47:15:3b","-62","fc:ec:da:47:11:17","-59","6a:4b:aa:6c:8f:32","-82","98:de:d0:ed:3f:24","-78","fc:ec:da:47:1f:b7","-78","2a:6b:ad:71:3f:0b","-82","04:18:d6:ad:04:71","-82","04:18:d6:0b:8c:e2","-74","58:6d:8f:3d:80:a4","-85","04:18:d6:ad:03:d5","-77"
"e","20:5e:f7:56:53:44","-63","c4:a3:66:ba:07:be","-75","fc:ec:da:47:15:3b","-62","fc:ec:da:47:11:17","-59","6a:4b:aa:6c:8f:32","-82","98:de:d0:ed:3f:24","-78","fc:ec:da:47:1f:b7","-78","2a:6b:ad:71:3f:0b","-82","04:18:d6:ad:04:71","-82","04:18:d6:0b:8c:e2","-74","58:6d:8f:3d:80:a4","-85","04:18:d6:ad:03:d5","-77"
"e","20:5e:f7:56:53:44","-63","c4:a3:66:ba:07:be","-75","fc:ec:da:47:15:3b","-62","fc:ec:da:47:11:17","-59","6a:4b:aa:6c:8f:32","-82","98:de:d0:ed:3f:24","-78","fc:ec:da:47:1f:b7","-78","2a:6b:ad:71:3f:0b","-82","04:18:d6:ad:04:71","-82","04:18:d6:0b:8c:e2","-74","58:6d:8f:3d:80:a4","-85","04:18:d6:ad:03:d5","-77"
"e","20:5e:f7:56:53:44","-63","c4:a3:66:ba:07:be","-75","fc:ec:da:47:15:3b","-62","fc:ec:da:47:11:17","-59","6a:4b:aa:6c:8f:32","-82","98:de:d0:ed:3f:24","-78","fc:ec:da:47:1f:b7","-78","2a:6b:ad:71:3f:0b","-82","04:18:d6:ad:04:71","-82","04:18:d6:0b:8c:e2","-74","58:6d:8f:3d:80:a4","-85","04:18:d6:ad:03:d5","-77"
"e","20:5e:f7:56:53:44","-63","c4:a3:66:ba:07:be","-75","fc:ec:da:47:15:3b","-62","fc:ec:da:47:11:17","-59","6a:4b:aa:6c:8f:32","-82","98:de:d0:ed:3f:24","-78","fc:ec:da:47:1f:b7","-78","2a:6b:ad:71:3f:0b","-82","04:18:d6:ad:04:71","-82","04:18:d6:0b:8c:e2","-74","58:6d:8f:3d:80:a4","-85","04:18:d6:ad:03:d5","-77"
"e","20:5e:f7:56:53:44","-63","c4:a3:66:ba:07:be","-75","fc:ec:da:47:15:3b","-62","fc:ec:da:47:11:17","-59","6a:4b:aa:6c:8f:32","-82","98:de:d0:ed:3f:24","-78","fc:ec:da:47:1f:b7","-78","2a:6b:ad:71:3f:0b","-82","04:18:d6:ad:04:71","-82","04:18:d6:0b:8c:e2","-74","58:6d:8f:3d:80:a4","-85","04:18:d6:ad:03:d5","-77"
"e","20:5e:f7:56:53:44","-63","c4:a3:66:ba:07:be","-75","fc:ec:da:47:15:3b","-62","fc:ec:da:47:11:17","-59","6a:4b:aa:6c:8f:32","-82","98:de:d0:ed:3f:24","-78","fc:ec:da:47:1f:b7","-78","2a:6b:ad:71:3f:0b","-82","04:18:d6:ad:04:71","-82","04:18:d6:0b:8c:e2","-74","58:6d:8f:3d:80:a4","-85","04:18:d6:ad:03:d5","-77"
"e","20:5e:f7:56:53:44","-63","c4:a3:66:ba:07:be","-75","fc:ec:da:47:15:3b","-62","fc:ec:da:47:11:17","-59","6a:4b:aa:6c:8f:32","-82","98:de:d0:ed:3f:24","-78","fc:ec:da:47:1f:b7","-78","2a:6b:ad:71:3f:0b","-82","04:18:d6:ad:04:71","-82","04:18:d6:0b:8c:e2","-74","58:6d:8f:3d:80:a4","-85","04:18:d6:ad:03:d5","-77"
"e","20:5e:f7:56:53:44","-63","c4:a3:66:ba:07:be","-75","fc:ec:da:47:15:3b","-62","fc:ec:da:47:11:17","-59","6a:4b:aa:6c:8f:32","-82","98:de:d0:ed:3f:24","-78","fc:ec:da:47:1f:b7","-78","2a:6b:ad:71:3f:0b","-82","04:18:d6:ad:04:71","-82","04:18:d6:0b:8c:e2","-74","58:6d:8f:3d:80:a4","-85","04:18:d6:ad:03:d5","-77"
"e","20:5e:f7:56:53:44","-63","c4:a3:66:ba:07:be","-75","fc:ec:da:47:15:3b","-62","fc:ec:da:47:11:17","-59","6a:4b:aa:6c:8f:32","-82","98:de:d0:ed:3f:24","-78","fc:ec:da:47:1f:b7","-78","2a:6b:ad:71:3f:0b","-82","04:18:d6:ad:04:71","-82","04:18:d6:0b:8c:e2","-74","58:6d:8f:3d:80:a4","-85","04:18:d6:ad:03:d5","-77"
"e","20:5e:f7:56:53:44","-63","c4:a3:66:ba:07:be","-75","fc:ec:da:47:15:3b","-62","fc:ec:da:47:11:17","-59","6a:4b:aa:6c:8f:32","-82","98:de:d0:ed:3f:24","-78","fc:ec:da:47:1f:b7","-78","2a:6b:ad:71:3f:0b","-82","04:18:d6:ad:04:71","-82","04:18:d6:0b:8c:e2","-74","58:6d:8f:3d:80:a4","-85","04:18:d6:ad:03:d5","-77"
"e","20:5e:f7:56:53:44","-63","c4:a3:66:ba:07:be","-75","fc:ec:da:47:15:3b","-62","fc:ec:da:47:11:17","-61","6a:4b:aa:6c:8f:32","-78","98:de:d0:ed:3f:24","-78","fc:ec:da:47:1f:b7","-78","2a:6b:ad:71:3f:0b","-82","04:18:d6:ad:04:71","-67","04:18:d6:0b:8c:e2","-74","58:6d:8f:3d:80:a4","-85","04:18:d6:ad:03:d5","-77"
"e","20:5e:f7:56:53:44","-63","c4:a3:66:ba:07:be","-75","fc:ec:da:47:15:3b","-62","fc:ec:da:47:11:17","-61","6a:4b:aa:6c:8f:32","-78","98:de:d0:ed:3f:24","-78","fc:ec:da:47:1f:b7","-78","2a:6b:ad:71:3f:0b","-82","04:18:d6:ad:04:71","-67","04:18:d6:0b:8c:e2","-74","58:6d:8f:3d:80:a4","-85","04:18:d6:ad:03:d5","-77"
"e","20:5e:f7:56:53:44","-63","c4:a3:66:ba:07:be","-75","fc:ec:da:47:15:3b","-62","fc:ec:da:47:11:17","-61","6a:4b:aa:6c:8f:32","-78","98:de:d0:ed:3f:24","-78","fc:ec:da:47:1f:b7","-78","2a:6b:ad:71:3f:0b","-82","04:18:d6:ad:04:71","-67","04:18:d6:0b:8c:e2","-74","58:6d:8f:3d:80:a4","-85","04:18:d6:ad:03:d5","-77"
"e","20:5e:f7:56:53:44","-63","c4:a3:66:ba:07:be","-75","fc:ec:da:47:15:3b","-62","fc:ec:da:47:11:17","-61","6a:4b:aa:6c:8f:32","-78","98:de:d0:ed:3f:24","-78","fc:ec:da:47:1f:b7","-78","2a:6b:ad:71:3f:0b","-82","04:18:d6:ad:04:71","-67","04:18:d6:0b:8c:e2","-74","58:6d:8f:3d:80:a4","-85","04:18:d6:ad:03:d5","-77"
"e","20:5e:f7:56:53:44","-63","c4:a3:66:ba:07:be","-75","fc:ec:da:47:15:3b","-62","fc:ec:da:47:11:17","-61","6a:4b:aa:6c:8f:32","-78","98:de:d0:ed:3f:24","-78","fc:ec:da:47:1f:b7","-78","2a:6b:ad:71:3f:0b","-82","04:18:d6:ad:04:71","-67","04:18:d6:0b:8c:e2","-74","58:6d:8f:3d:80:a4","-85","04:18:d6:ad:03:d5","-77"
"e","20:5e:f7:56:53:44","-63","c4:a3:66:ba:07:be","-75","fc:ec:da:47:15:3b","-62","fc:ec:da:47:11:17","-61","6a:4b:aa:6c:8f:32","-78","98:de:d0:ed:3f:24","-78","fc:ec:da:47:1f:b7","-78","2a:6b:ad:71:3f:0b","-82","04:18:d6:ad:04:71","-67","04:18:d6:0b:8c:e2","-74","58:6d:8f:3d:80:a4","-85","04:18:d6:ad:03:d5","-77"
"e","20:5e:f7:56:53:44","-63","c4:a3:66:ba:07:be","-75","fc:ec:da:47:15:3b","-62","fc:ec:da:47:11:17","-61","6a:4b:aa:6c:8f:32","-78","98:de:d0:ed:3f:24","-78","fc:ec:da:47:1f:b7","-78","2a:6b:ad:71:3f:0b","-82","04:18:d6:ad:04:71","-67","04:18:d6:0b:8c:e2","-74","58:6d:8f:3d:80:a4","-85","04:18:d6:ad:03:d5","-77"
"f","20:5e:f7:56:53:44","-65","c4:a3:66:ba:07:be","-80","fc:ec:da:47:15:3b","-62","fc:ec:da:47:11:17","-59","6a:4b:aa:6c:8f:32","-79","98:de:d0:ed:3f:24","-82","fc:ec:da:47:1f:b7","-76","2a:6b:ad:71:3f:0b","-82","04:18:d6:ad:04:71","-63","04:18:d6:0b:8c:e2","-74","58:6d:8f:3d:80:a4","-82","04:18:d6:ad:03:d5","-77"
"f","20:5e:f7:56:53:44","-69","c4:a3:66:ba:07:be","-80","fc:ec:da:47:15:3b","-69","fc:ec:da:47:11:17","-67","6a:4b:aa:6c:8f:32","-75","98:de:d0:ed:3f:24","-82","fc:ec:da:47:1f:b7","-76","2a:6b:ad:71:3f:0b","-77","04:18:d6:ad:04:71","-63","58:6d:8f:3d:80:a4","-82","04:18:d6:ad:03:d5","-77"
"f","20:5e:f7:56:53:44","-69","c4:a3:66:ba:07:be","-80","fc:ec:da:47:15:3b","-69","fc:ec:da:47:11:17","-67","6a:4b:aa:6c:8f:32","-75","98:de:d0:ed:3f:24","-82","fc:ec:da:47:1f:b7","-76","2a:6b:ad:71:3f:0b","-77","04:18:d6:ad:04:71","-63","58:6d:8f:3d:80:a4","-82","04:18:d6:ad:03:d5","-77"
"f","20:5e:f7:56:53:44","-69","c4:a3:66:ba:07:be","-80","fc:ec:da:47:15:3b","-69","fc:ec:da:47:11:17","-67","6a:4b:aa:6c:8f:32","-75","98:de:d0:ed:3f:24","-82","fc:ec:da:47:1f:b7","-76","2a:6b:ad:71:3f:0b","-77","04:18:d6:ad:04:71","-63","58:6d:8f:3d:80:a4","-82","04:18:d6:ad:03:d5","-77"
"f","20:5e:f7:56:53:44","-69","c4:a3:66:ba:07:be","-80","fc:ec:da:47:15:3b","-69","fc:ec:da:47:11:17","-67","6a:4b:aa:6c:8f:32","-75","98:de:d0:ed:3f:24","-82","fc:ec:da:47:1f:b7","-76","2a:6b:ad:71:3f:0b","-77","04:18:d6:ad:04:71","-63","58:6d:8f:3d:80:a4","-82","04:18:d6:ad:03:d5","-77"
"f","20:5e:f7:56:53:44","-69","c4:a3:66:ba:07:be","-80","fc:ec:da:47:15:3b","-69","fc:ec:da:47:11:17","-67","6a:4b:aa:6c:8f:32","-75","98:de:d0:ed:3f:24","-82","fc:ec:da:47:1f:b7","-76","2a:6b:ad:71:3f:0b","-77","04:18:d6:ad:04:71","-63","58:6d:8f:3d:80:a4","-82","04:18:d6:ad:03:d5","-77"
"f","20:5e:f7:56:53:44","-69","c4:a3:66:ba:07:be","-80","fc:ec:da:47:15:3b","-69","fc:ec:da:47:11:17","-67","6a:4b:aa:6c:8f:32","-75","98:de:d0:ed:3f:24","-82","fc:ec:da:47:1f:b7","-76","2a:6b:ad:71:3f:0b","-77","04:18:d6:ad:04:71","-63","58:6d:8f:3d:80:a4","-82","04:18:d6:ad:03:d5","-77"
"f","20:5e:f7:56:53:44","-69","c4:a3:66:ba:07:be","-80","fc:ec:da:47:15:3b","-69","fc:ec:da:47:11:17","-67","6a:4b:aa:6c:8f:32","-75","98:de:d0:ed:3f:24","-82","fc:ec:da:47:1f:b7","-76","2a:6b:ad:71:3f:0b","-77","04:18:d6:ad:04:71","-63","58:6d:8f:3d:80:a4","-82","04:18:d6:ad:03:d5","-77"
"f","20:5e:f7:56:53:44","-69","c4:a3:66:ba:07:be","-80","fc:ec:da:47:15:3b","-69","fc:ec:da:47:11:17","-67","6a:4b:aa:6c:8f:32","-75","98:de:d0:ed:3f:24","-82","fc:ec:da:47:1f:b7","-76","2a:6b:ad:71:3f:0b","-77","04:18:d6:ad:04:71","-63","58:6d:8f:3d:80:a4","-82","04:18:d6:ad:03:d5","-77"
"f","20:5e:f7:56:53:44","-69","c4:a3:66:ba:07:be","-80","fc:ec:da:47:15:3b","-69","fc:ec:da:47:11:17","-67","6a:4b:aa:6c:8f:32","-75","98:de:d0:ed:3f:24","-82","fc:ec:da:47:1f:b7","-76","2a:6b:ad:71:3f:0b","-77","04:18:d6:ad:04:71","-63","58:6d:8f:3d:80:a4","-82","04:18:d6:ad:03:d5","-77"
"f","20:5e:f7:56:53:44","-69","c4:a3:66:ba:07:be","-80","fc:ec:da:47:15:3b","-69","fc:ec:da:47:11:17","-67","6a:4b:aa:6c:8f:32","-75","98:de:d0:ed:3f:24","-82","fc:ec:da:47:1f:b7","-76","2a:6b:ad:71:3f:0b","-77","04:18:d6:ad:04:71","-63","58:6d:8f:3d:80:a4","-82","04:18:d6:ad:03:d5","-77"
"f","20:5e:f7:56:53:44","-69","c4:a3:66:ba:07:be","-80","fc:ec:da:47:15:3b","-69","fc:ec:da:47:11:17","-67","6a:4b:aa:6c:8f:32","-75","98:de:d0:ed:3f:24","-82","fc:ec:da:47:1f:b7","-76","2a:6b:ad:71:3f:0b","-77","04:18:d6:ad:04:71","-63","58:6d:8f:3d:80:a4","-82","04:18:d6:ad:03:d5","-77"
"f","20:5e:f7:56:53:44","-69","c4:a3:66:ba:07:be","-80","fc:ec:da:47:15:3b","-69","fc:ec:da:47:11:17","-67","6a:4b:aa:6c:8f:32","-75","98:de:d0:ed:3f:24","-82","fc:ec:da:47:1f:b7","-76","2a:6b:ad:71:3f:0b","-77","04:18:d6:ad:04:71","-63","58:6d:8f:3d:80:a4","-82","04:18:d6:ad:03:d5","-77"
"f","20:5e:f7:56:53:44","-69","c4:a3:66:ba:07:be","-80","fc:ec:da:47:15:3b","-69","fc:ec:da:47:11:17","-67","6a:4b:aa:6c:8f:32","-75","98:de:d0:ed:3f:24","-82","fc:ec:da:47:1f:b7","-76","2a:6b:ad:71:3f:0b","-77","04:18:d6:ad:04:71","-63","58:6d:8f:3d:80:a4","-82","04:18:d6:ad:03:d5","-77"
"f","20:5e:f7:56:53:44","-69","c4:a3:66:ba:07:be","-80","fc:ec:da:47:15:3b","-69","fc:ec:da:47:11:17","-67","6a:4b:aa:6c:8f:32","-75","98:de:d0:ed:3f:24","-82","fc:ec:da:47:1f:b7","-76","2a:6b:ad:71:3f:0b","-77","04:18:d6:ad:04:71","-63","58:6d:8f:3d:80:a4","-82","04:18:d6:ad:03:d5","-77"
"f","20:5e:f7:56:53:44","-69","c4:a3:66:ba:07:be","-80","fc:ec:da:47:15:3b","-69","fc:ec:da:47:11:17","-67","6a:4b:aa:6c:8f:32","-75","98:de:d0:ed:3f:24","-82","fc:ec:da:47:1f:b7","-76","2a:6b:ad:71:3f:0b","-77","04:18:d6:ad:04:71","-63","58:6d:8f:3d:80:a4","-82","04:18:d6:ad:03:d5","-77"
"f","20:5e:f7:56:53:44","-69","c4:a3:66:ba:07:be","-80","fc:ec:da:47:15:3b","-69","fc:ec:da:47:11:17","-67","6a:4b:aa:6c:8f:32","-75","98:de:d0:ed:3f:24","-82","fc:ec:da:47:1f:b7","-76","2a:6b:ad:71:3f:0b","-77","04:18:d6:ad:04:71","-63","58:6d:8f:3d:80:a4","-82","04:18:d6:ad:03:d5","-77"
"f","20:5e:f7:56:53:44","-69","c4:a3:66:ba:07:be","-80","fc:ec:da:47:15:3b","-69","fc:ec:da:47:11:17","-67","6a:4b:aa:6c:8f:32","-75","98:de:d0:ed:3f:24","-82","fc:ec:da:47:1f:b7","-76","2a:6b:ad:71:3f:0b","-77","04:18:d6:ad:04:71","-63","58:6d:8f:3d:80:a4","-82","04:18:d6:ad:03:d5","-77"
"f","20:5e:f7:56:53:44","-69","c4:a3:66:ba:07:be","-80","fc:ec:da:47:15:3b","-69","fc:ec:da:47:11:17","-67","6a:4b:aa:6c:8f:32","-75","98:de:d0:ed:3f:24","-82","fc:ec:da:47:1f:b7","-76","2a:6b:ad:71:3f:0b","-77","04:18:d6:ad:04:71","-63","58:6d:8f:3d:80:a4","-82","04:18:d6:ad:03:d5","-77"
"f","20:5e:f7:56:53:44","-65","c4:a3:66:ba:07:be","-80","fc:ec:da:47:15:3b","-69","fc:ec:da:47:11:17","-67","6a:4b:aa:6c:8f:32","-75","98:de:d0:ed:3f:24","-82","fc:ec:da:47:1f:b7","-76","2a:6b:ad:71:3f:0b","-81","04:18:d6:ad:04:71","-62","58:6d:8f:3d:80:a4","-82","04:18:d6:ad:03:91","-80"
"g","20:5e:f7:56:53:44","-65","c4:a3:66:ba:07:be","-81","fc:ec:da:47:15:3b","-69","fc:ec:da:47:11:17","-67","6a:4b:aa:6c:8f:32","-76","98:de:d0:ed:3f:24","-76","fc:ec:da:47:1f:b7","-71","2a:6b:ad:71:3f:0b","-81","04:18:d6:ad:04:71","-66","58:6d:8f:3d:80:a4","-82","04:18:d6:ad:03:91","-80","04:18:d6:0b:8c:e2","-68","dc:9f:db:75:95:63","-84"
"g","20:5e:f7:56:53:44","-65","c4:a3:66:ba:07:be","-81","fc:ec:da:47:15:3b","-69","fc:ec:da:47:11:17","-67","6a:4b:aa:6c:8f:32","-76","98:de:d0:ed:3f:24","-76","fc:ec:da:47:1f:b7","-71","2a:6b:ad:71:3f:0b","-81","04:18:d6:ad:04:71","-66","58:6d:8f:3d:80:a4","-82","04:18:d6:ad:03:91","-80","04:18:d6:0b:8c:e2","-68","dc:9f:db:75:95:63","-84"
"g","20:5e:f7:56:53:44","-65","c4:a3:66:ba:07:be","-81","fc:ec:da:47:15:3b","-69","fc:ec:da:47:11:17","-67","6a:4b:aa:6c:8f:32","-76","98:de:d0:ed:3f:24","-76","fc:ec:da:47:1f:b7","-71","2a:6b:ad:71:3f:0b","-81","04:18:d6:ad:04:71","-66","58:6d:8f:3d:80:a4","-82","04:18:d6:ad:03:91","-80","04:18:d6:0b:8c:e2","-68","dc:9f:db:75:95:63","-84"
"g","20:5e:f7:56:53:44","-65","c4:a3:66:ba:07:be","-81","fc:ec:da:47:15:3b","-69","fc:ec:da:47:11:17","-67","6a:4b:aa:6c:8f:32","-76","98:de:d0:ed:3f:24","-76","fc:ec:da:47:1f:b7","-71","2a:6b:ad:71:3f:0b","-81","04:18:d6:ad:04:71","-66","58:6d:8f:3d:80:a4","-82","04:18:d6:ad:03:91","-80","04:18:d6:0b:8c:e2","-68","dc:9f:db:75:95:63","-84"
"g","20:5e:f7:56:53:44","-65","c4:a3:66:ba:07:be","-81","fc:ec:da:47:15:3b","-69","fc:ec:da:47:11:17","-67","6a:4b:aa:6c:8f:32","-76","98:de:d0:ed:3f:24","-76","fc:ec:da:47:1f:b7","-71","2a:6b:ad:71:3f:0b","-81","04:18:d6:ad:04:71","-66","58:6d:8f:3d:80:a4","-82","04:18:d6:ad:03:91","-80","04:18:d6:0b:8c:e2","-68","dc:9f:db:75:95:63","-84"
"g","20:5e:f7:56:53:44","-65","c4:a3:66:ba:07:be","-81","fc:ec:da:47:15:3b","-69","fc:ec:da:47:11:17","-67","6a:4b:aa:6c:8f:32","-76","98:de:d0:ed:3f:24","-76","fc:ec:da:47:1f:b7","-71","2a:6b:ad:71:3f:0b","-81","04:18:d6:ad:04:71","-66","58:6d:8f:3d:80:a4","-82","04:18:d6:ad:03:91","-80","04:18:d6:0b:8c:e2","-68","dc:9f:db:75:95:63","-84"
"g","20:5e:f7:56:53:44","-65","c4:a3:66:ba:07:be","-81","fc:ec:da:47:15:3b","-69","fc:ec:da:47:11:17","-67","6a:4b:aa:6c:8f:32","-76","98:de:d0:ed:3f:24","-76","fc:ec:da:47:1f:b7","-71","2a:6b:ad:71:3f:0b","-81","04:18:d6:ad:04:71","-66","58:6d:8f:3d:80:a4","-82","04:18:d6:ad:03:91","-80","04:18:d6:0b:8c:e2","-68","dc:9f:db:75:95:63","-84"
"g","20:5e:f7:56:53:44","-65","c4:a3:66:ba:07:be","-81","fc:ec:da:47:15:3b","-69","fc:ec:da:47:11:17","-67","6a:4b:aa:6c:8f:32","-76","98:de:d0:ed:3f:24","-76","fc:ec:da:47:1f:b7","-71","2a:6b:ad:71:3f:0b","-81","04:18:d6:ad:04:71","-66","58:6d:8f:3d:80:a4","-82","04:18:d6:ad:03:91","-80","04:18:d6:0b:8c:e2","-68","dc:9f:db:75:95:63","-84"
"g","20:5e:f7:56:53:44","-65","c4:a3:66:ba:07:be","-81","fc:ec:da:47:15:3b","-69","fc:ec:da:47:11:17","-67","6a:4b:aa:6c:8f:32","-76","98:de:d0:ed:3f:24","-76","fc:ec:da:47:1f:b7","-71","2a:6b:ad:71:3f:0b","-81","04:18:d6:ad:04:71","-66","58:6d:8f:3d:80:a4","-82","04:18:d6:ad:03:91","-80","04:18:d6:0b:8c:e2","-68","dc:9f:db:75:95:63","-84"
"g","20:5e:f7:56:53:44","-65","c4:a3:66:ba:07:be","-81","fc:ec:da:47:15:3b","-69","fc:ec:da:47:11:17","-67","6a:4b:aa:6c:8f:32","-76","98:de:d0:ed:3f:24","-76","fc:ec:da:47:1f:b7","-71","2a:6b:ad:71:3f:0b","-81","04:18:d6:ad:04:71","-66","58:6d:8f:3d:80:a4","-82","04:18:d6:ad:03:91","-80","04:18:d6:0b:8c:e2","-68","dc:9f:db:75:95:63","-84"
"g","20:5e:f7:56:53:44","-65","c4:a3:66:ba:07:be","-81","fc:ec:da:47:15:3b","-69","fc:ec:da:47:11:17","-67","6a:4b:aa:6c:8f:32","-76","98:de:d0:ed:3f:24","-76","fc:ec:da:47:1f:b7","-71","2a:6b:ad:71:3f:0b","-81","04:18:d6:ad:04:71","-66","58:6d:8f:3d:80:a4","-82","04:18:d6:ad:03:91","-80","04:18:d6:0b:8c:e2","-68","dc:9f:db:75:95:63","-84"
"g","20:5e:f7:56:53:44","-65","c4:a3:66:ba:07:be","-81","fc:ec:da:47:15:3b","-69","fc:ec:da:47:11:17","-67","6a:4b:aa:6c:8f:32","-76","98:de:d0:ed:3f:24","-76","fc:ec:da:47:1f:b7","-71","2a:6b:ad:71:3f:0b","-81","04:18:d6:ad:04:71","-66","58:6d:8f:3d:80:a4","-82","04:18:d6:ad:03:91","-80","04:18:d6:0b:8c:e2","-68","dc:9f:db:75:95:63","-84"
"g","20:5e:f7:56:53:44","-65","c4:a3:66:ba:07:be","-81","fc:ec:da:47:15:3b","-69","fc:ec:da:47:11:17","-67","6a:4b:aa:6c:8f:32","-76","98:de:d0:ed:3f:24","-76","fc:ec:da:47:1f:b7","-71","2a:6b:ad:71:3f:0b","-81","04:18:d6:ad:04:71","-66","58:6d:8f:3d:80:a4","-82","04:18:d6:ad:03:91","-80","04:18:d6:0b:8c:e2","-68","dc:9f:db:75:95:63","-84"
"g","20:5e:f7:56:53:44","-65","c4:a3:66:ba:07:be","-82","6a:4b:aa:6c:8f:32","-76","98:de:d0:ed:3f:24","-76","fc:ec:da:47:1f:b7","-71","2a:6b:ad:71:3f:0b","-81","04:18:d6:ad:04:71","-69","04:18:d6:ad:03:91","-80","04:18:d6:0b:8c:e2","-68","dc:9f:db:75:95:63","-84","dc:9f:db:75:8d:75","-75","64:70:02:3f:4e:59","-82"
"g","20:5e:f7:56:53:44","-65","c4:a3:66:ba:07:be","-82","6a:4b:aa:6c:8f:32","-76","98:de:d0:ed:3f:24","-76","fc:ec:da:47:1f:b7","-71","2a:6b:ad:71:3f:0b","-81","04:18:d6:ad:04:71","-69","04:18:d6:ad:03:91","-80","04:18:d6:0b:8c:e2","-68","dc:9f:db:75:95:63","-84","dc:9f:db:75:8d:75","-75","64:70:02:3f:4e:59","-82"
"g","20:5e:f7:56:53:44","-65","c4:a3:66:ba:07:be","-82","6a:4b:aa:6c:8f:32","-76","98:de:d0:ed:3f:24","-76","fc:ec:da:47:1f:b7","-71","2a:6b:ad:71:3f:0b","-81","04:18:d6:ad:04:71","-69","04:18:d6:ad:03:91","-80","04:18:d6:0b:8c:e2","-68","dc:9f:db:75:95:63","-84","dc:9f:db:75:8d:75","-75","64:70:02:3f:4e:59","-82"
"g","20:5e:f7:56:53:44","-65","c4:a3:66:ba:07:be","-82","6a:4b:aa:6c:8f:32","-76","98:de:d0:ed:3f:24","-76","fc:ec:da:47:1f:b7","-71","2a:6b:ad:71:3f:0b","-81","04:18:d6:ad:04:71","-69","04:18:d6:ad:03:91","-80","04:18:d6:0b:8c:e2","-68","dc:9f:db:75:95:63","-84","dc:9f:db:75:8d:75","-75","64:70:02:3f:4e:59","-82"
"g","20:5e:f7:56:53:44","-65","c4:a3:66:ba:07:be","-82","6a:4b:aa:6c:8f:32","-76","98:de:d0:ed:3f:24","-76","fc:ec:da:47:1f:b7","-71","2a:6b:ad:71:3f:0b","-81","04:18:d6:ad:04:71","-69","04:18:d6:ad:03:91","-80","04:18:d6:0b:8c:e2","-68","dc:9f:db:75:95:63","-84","dc:9f:db:75:8d:75","-75","64:70:02:3f:4e:59","-82"
"g","20:5e:f7:56:53:44","-65","c4:a3:66:ba:07:be","-82","6a:4b:aa:6c:8f:32","-76","98:de:d0:ed:3f:24","-76","fc:ec:da:47:1f:b7","-71","2a:6b:ad:71:3f:0b","-81","04:18:d6:ad:04:71","-69","04:18:d6:ad:03:91","-80","04:18:d6:0b:8c:e2","-68","dc:9f:db:75:95:63","-84","dc:9f:db:75:8d:75","-75","64:70:02:3f:4e:59","-82"
"g","20:5e:f7:56:53:44","-65","c4:a3:66:ba:07:be","-82","6a:4b:aa:6c:8f:32","-76","98:de:d0:ed:3f:24","-76","fc:ec:da:47:1f:b7","-71","2a:6b:ad:71:3f:0b","-81","04:18:d6:ad:04:71","-69","04:18:d6:ad:03:91","-80","04:18:d6:0b:8c:e2","-68","dc:9f:db:75:95:63","-84","dc:9f:db:75:8d:75","-75","64:70:02:3f:4e:59","-82"
"h","c4:a3:66:ba:07:be","-82","98:de:d0:ed:3f:24","-80","fc:ec:da:47:1f:b7","-71","2a:6b:ad:71:3f:0b","-82","04:18:d6:ad:04:71","-70","04:18:d6:0b:8c:e2","-68","dc:9f:db:75:95:63","-84","dc:9f:db:75:8d:75","-75","64:70:02:3f:4e:59","-82","fc:ec:da:47:11:17","-61","58:6d:8f:3d:80:a4","-83"
"h","c4:a3:66:ba:07:be","-82","98:de:d0:ed:3f:24","-80","fc:ec:da:47:1f:b7","-71","2a:6b:ad:71:3f:0b","-82","04:18:d6:ad:04:71","-70","04:18:d6:0b:8c:e2","-68","dc:9f:db:75:95:63","-84","dc:9f:db:75:8d:75","-75","64:70:02:3f:4e:59","-82","fc:ec:da:47:11:17","-61","58:6d:8f:3d:80:a4","-83"
"h","c4:a3:66:ba:07:be","-82","98:de:d0:ed:3f:24","-80","fc:ec:da:47:1f:b7","-71","2a:6b:ad:71:3f:0b","-82","04:18:d6:ad:04:71","-70","04:18:d6:0b:8c:e2","-68","dc:9f:db:75:95:63","-84","dc:9f:db:75:8d:75","-75","64:70:02:3f:4e:59","-82","fc:ec:da:47:11:17","-61","58:6d:8f:3d:80:a4","-83"
"h","c4:a3:66:ba:07:be","-82","98:de:d0:ed:3f:24","-80","fc:ec:da:47:1f:b7","-71","2a:6b:ad:71:3f:0b","-82","04:18:d6:ad:04:71","-70","04:18:d6:0b:8c:e2","-68","dc:9f:db:75:95:63","-84","dc:9f:db:75:8d:75","-75","64:70:02:3f:4e:59","-82","fc:ec:da:47:11:17","-61","58:6d:8f:3d:80:a4","-83"
"h","c4:a3:66:ba:07:be","-82","98:de:d0:ed:3f:24","-80","fc:ec:da:47:1f:b7","-71","2a:6b:ad:71:3f:0b","-82","04:18:d6:ad:04:71","-70","04:18:d6:0b:8c:e2","-68","dc:9f:db:75:95:63","-84","dc:9f:db:75:8d:75","-75","64:70:02:3f:4e:59","-82","fc:ec:da:47:11:17","-61","58:6d:8f:3d:80:a4","-83"
"h","c4:a3:66:ba:07:be","-82","98:de:d0:ed:3f:24","-80","fc:ec:da:47:1f:b7","-71","2a:6b:ad:71:3f:0b","-82","04:18:d6:ad:04:71","-70","04:18:d6:0b:8c:e2","-68","dc:9f:db:75:95:63","-84","dc:9f:db:75:8d:75","-75","64:70:02:3f:4e:59","-82","fc:ec:da:47:11:17","-61","58:6d:8f:3d:80:a4","-83"
"h","c4:a3:66:ba:07:be","-82","98:de:d0:ed:3f:24","-80","fc:ec:da:47:1f:b7","-71","2a:6b:ad:71:3f:0b","-82","04:18:d6:ad:04:71","-70","04:18:d6:0b:8c:e2","-68","dc:9f:db:75:95:63","-84","dc:9f:db:75:8d:75","-75","64:70:02:3f:4e:59","-82","fc:ec:da:47:11:17","-61","58:6d:8f:3d:80:a4","-83"
"h","c4:a3:66:ba:07:be","-82","98:de:d0:ed:3f:24","-80","fc:ec:da:47:1f:b7","-71","2a:6b:ad:71:3f:0b","-82","04:18:d6:ad:04:71","-70","04:18:d6:0b:8c:e2","-68","dc:9f:db:75:95:63","-84","dc:9f:db:75:8d:75","-75","64:70:02:3f:4e:59","-82","fc:ec:da:47:11:17","-61","58:6d:8f:3d:80:a4","-83"
"h","c4:a3:66:ba:07:be","-82","98:de:d0:ed:3f:24","-80","fc:ec:da:47:1f:b7","-71","2a:6b:ad:71:3f:0b","-82","04:18:d6:ad:04:71","-70","04:18:d6:0b:8c:e2","-68","dc:9f:db:75:95:63","-84","dc:9f:db:75:8d:75","-75","64:70:02:3f:4e:59","-82","fc:ec:da:47:11:17","-61","58:6d:8f:3d:80:a4","-83"
"h","c4:a3:66:ba:07:be","-82","98:de:d0:ed:3f:24","-80","fc:ec:da:47:1f:b7","-71","2a:6b:ad:71:3f:0b","-82","04:18:d6:ad:04:71","-70","04:18:d6:0b:8c:e2","-68","dc:9f:db:75:95:63","-84","dc:9f:db:75:8d:75","-75","64:70:02:3f:4e:59","-82","fc:ec:da:47:11:17","-61","58:6d:8f:3d:80:a4","-83"
"h","c4:a3:66:ba:07:be","-82","98:de:d0:ed:3f:24","-80","fc:ec:da:47:1f:b7","-71","2a:6b:ad:71:3f:0b","-82","04:18:d6:ad:04:71","-70","04:18:d6:0b:8c:e2","-68","dc:9f:db:75:95:63","-84","dc:9f:db:75:8d:75","-75","64:70:02:3f:4e:59","-82","fc:ec:da:47:11:17","-61","58:6d:8f:3d:80:a4","-83"
"h","c4:a3:66:ba:07:be","-82","98:de:d0:ed:3f:24","-80","fc:ec:da:47:1f:b7","-71","2a:6b:ad:71:3f:0b","-82","04:18:d6:ad:04:71","-70","04:18:d6:0b:8c:e2","-68","dc:9f:db:75:95:63","-84","dc:9f:db:75:8d:75","-75","64:70:02:3f:4e:59","-82","fc:ec:da:47:11:17","-61","58:6d:8f:3d:80:a4","-83"
"h","c4:a3:66:ba:07:be","-82","98:de:d0:ed:3f:24","-80","fc:ec:da:47:1f:b7","-71","2a:6b:ad:71:3f:0b","-82","04:18:d6:ad:04:71","-70","04:18:d6:0b:8c:e2","-68","dc:9f:db:75:95:63","-84","dc:9f:db:75:8d:75","-75","64:70:02:3f:4e:59","-82","fc:ec:da:47:11:17","-61","58:6d:8f:3d:80:a4","-83"
"h","c4:a3:66:ba:07:be","-82","98:de:d0:ed:3f:24","-80","fc:ec:da:47:1f:b7","-71","2a:6b:ad:71:3f:0b","-82","04:18:d6:ad:04:71","-70","04:18:d6:0b:8c:e2","-68","dc:9f:db:75:95:63","-84","dc:9f:db:75:8d:75","-75","64:70:02:3f:4e:59","-82","fc:ec:da:47:11:17","-61","58:6d:8f:3d:80:a4","-83"
"h","c4:a3:66:ba:07:be","-82","98:de:d0:ed:3f:24","-80","fc:ec:da:47:1f:b7","-71","2a:6b:ad:71:3f:0b","-82","04:18:d6:ad:04:71","-70","04:18:d6:0b:8c:e2","-68","dc:9f:db:75:95:63","-84","dc:9f:db:75:8d:75","-75","64:70:02:3f:4e:59","-82","fc:ec:da:47:11:17","-61","58:6d:8f:3d:80:a4","-83"
"h","c4:a3:66:ba:07:be","-82","98:de:d0:ed:3f:24","-78","fc:ec:da:47:1f:b7","-74","2a:6b:ad:71:3f:0b","-82","04:18:d6:ad:04:71","-70","04:18:d6:0b:8c:e2","-72","dc:9f:db:75:8d:75","-75","64:70:02:3f:4e:59","-79","fc:ec:da:47:11:17","-61","58:6d:8f:3d:80:a4","-83","6a:4b:aa:6c:8f:32","-82","54:35:30:51:c9:b8","-88"
"h","c4:a3:66:ba:07:be","-82","98:de:d0:ed:3f:24","-78","fc:ec:da:47:1f:b7","-74","2a:6b:ad:71:3f:0b","-82","04:18:d6:ad:04:71","-70","04:18:d6:0b:8c:e2","-72","dc:9f:db:75:8d:75","-75","64:70:02:3f:4e:59","-81","fc:ec:da:47:11:17","-61","58:6d:8f:3d:80:a4","-83","6a:4b:aa:6c:8f:32","-82","54:35:30:51:c9:b8","-88"
"h","c4:a3:66:ba:07:be","-82","98:de:d0:ed:3f:24","-78","fc:ec:da:47:1f:b7","-74","2a:6b:ad:71:3f:0b","-82","04:18:d6:ad:04:71","-70","04:18:d6:0b:8c:e2","-72","dc:9f:db:75:8d:75","-75","64:70:02:3f:4e:59","-81","fc:ec:da:47:11:17","-61","58:6d:8f:3d:80:a4","-83","6a:4b:aa:6c:8f:32","-82","54:35:30:51:c9:b8","-88"
"h","c4:a3:66:ba:07:be","-82","98:de:d0:ed:3f:24","-78","fc:ec:da:47:1f:b7","-74","2a:6b:ad:71:3f:0b","-82","04:18:d6:ad:04:71","-70","04:18:d6:0b:8c:e2","-72","dc:9f:db:75:8d:75","-75","64:70:02:3f:4e:59","-81","fc:ec:da:47:11:17","-61","58:6d:8f:3d:80:a4","-83","6a:4b:aa:6c:8f:32","-82","54:35:30:51:c9:b8","-88"
"h","c4:a3:66:ba:07:be","-82","98:de:d0:ed:3f:24","-78","fc:ec:da:47:1f:b7","-74","2a:6b:ad:71:3f:0b","-82","04:18:d6:ad:04:71","-70","04:18:d6:0b:8c:e2","-72","dc:9f:db:75:8d:75","-75","64:70:02:3f:4e:59","-81","fc:ec:da:47:11:17","-61","58:6d:8f:3d:80:a4","-83","6a:4b:aa:6c:8f:32","-82","54:35:30:51:c9:b8","-88"
"i","c4:a3:66:ba:07:be","-82","98:de:d0:ed:3f:24","-78","fc:ec:da:47:1f:b7","-74","2a:6b:ad:71:3f:0b","-82","04:18:d6:ad:04:71","-70","04:18:d6:0b:8c:e2","-72","dc:9f:db:75:8d:75","-75","64:70:02:3f:4e:59","-81","fc:ec:da:47:11:17","-61","58:6d:8f:3d:80:a4","-83","6a:4b:aa:6c:8f:32","-82","54:35:30:51:c9:b8","-88"
"i","c4:a3:66:ba:07:be","-82","98:de:d0:ed:3f:24","-78","fc:ec:da:47:1f:b7","-74","2a:6b:ad:71:3f:0b","-82","04:18:d6:ad:04:71","-70","04:18:d6:0b:8c:e2","-72","dc:9f:db:75:8d:75","-75","64:70:02:3f:4e:59","-81","fc:ec:da:47:11:17","-61","58:6d:8f:3d:80:a4","-83","6a:4b:aa:6c:8f:32","-82","54:35:30:51:c9:b8","-88"
"i","c4:a3:66:ba:07:be","-82","98:de:d0:ed:3f:24","-78","fc:ec:da:47:1f:b7","-74","2a:6b:ad:71:3f:0b","-82","04:18:d6:ad:04:71","-70","04:18:d6:0b:8c:e2","-72","dc:9f:db:75:8d:75","-75","64:70:02:3f:4e:59","-81","fc:ec:da:47:11:17","-61","58:6d:8f:3d:80:a4","-83","6a:4b:aa:6c:8f:32","-82","54:35:30:51:c9:b8","-88"
"i","98:de:d0:ed:3f:24","-78","fc:ec:da:47:1f:b7","-74","2a:6b:ad:71:3f:0b","-82","04:18:d6:ad:04:71","-64","04:18:d6:0b:8c:e2","-72","fc:ec:da:47:11:17","-64","6a:4b:aa:6c:8f:32","-82","54:35:30:51:c9:b8","-88","20:5e:f7:56:53:44","-58","c4:a3:66:ba:07:be","-76"
"i","98:de:d0:ed:3f:24","-78","fc:ec:da:47:1f:b7","-74","2a:6b:ad:71:3f:0b","-82","04:18:d6:ad:04:71","-64","04:18:d6:0b:8c:e2","-72","fc:ec:da:47:11:17","-64","6a:4b:aa:6c:8f:32","-82","54:35:30:51:c9:b8","-88","20:5e:f7:56:53:44","-58","c4:a3:66:ba:07:be","-80","64:70:02:3f:4e:59","-86"
"i","98:de:d0:ed:3f:24","-78","fc:ec:da:47:1f:b7","-74","2a:6b:ad:71:3f:0b","-82","04:18:d6:ad:04:71","-64","04:18:d6:0b:8c:e2","-72","fc:ec:da:47:11:17","-64","6a:4b:aa:6c:8f:32","-82","54:35:30:51:c9:b8","-88","20:5e:f7:56:53:44","-58","c4:a3:66:ba:07:be","-80","64:70:02:3f:4e:59","-83"
"i","98:de:d0:ed:3f:24","-78","fc:ec:da:47:1f:b7","-74","2a:6b:ad:71:3f:0b","-82","04:18:d6:ad:04:71","-64","04:18:d6:0b:8c:e2","-72","fc:ec:da:47:11:17","-64","6a:4b:aa:6c:8f:32","-82","54:35:30:51:c9:b8","-88","20:5e:f7:56:53:44","-58","c4:a3:66:ba:07:be","-80","64:70:02:3f:4e:59","-83"
"i","98:de:d0:ed:3f:24","-78","fc:ec:da:47:1f:b7","-74","2a:6b:ad:71:3f:0b","-82","04:18:d6:ad:04:71","-64","04:18:d6:0b:8c:e2","-72","fc:ec:da:47:11:17","-64","6a:4b:aa:6c:8f:32","-82","54:35:30:51:c9:b8","-88","20:5e:f7:56:53:44","-58","c4:a3:66:ba:07:be","-80","64:70:02:3f:4e:59","-83"
"i","98:de:d0:ed:3f:24","-78","fc:ec:da:47:1f:b7","-74","2a:6b:ad:71:3f:0b","-82","04:18:d6:ad:04:71","-64","04:18:d6:0b:8c:e2","-72","fc:ec:da:47:11:17","-64","6a:4b:aa:6c:8f:32","-82","54:35:30:51:c9:b8","-88","20:5e:f7:56:53:44","-58","c4:a3:66:ba:07:be","-80","64:70:02:3f:4e:59","-83"
"i","98:de:d0:ed:3f:24","-78","fc:ec:da:47:1f:b7","-74","2a:6b:ad:71:3f:0b","-82","04:18:d6:ad:04:71","-64","04:18:d6:0b:8c:e2","-72","fc:ec:da:47:11:17","-64","6a:4b:aa:6c:8f:32","-82","54:35:30:51:c9:b8","-88","20:5e:f7:56:53:44","-58","c4:a3:66:ba:07:be","-80","64:70:02:3f:4e:59","-83"
"i","98:de:d0:ed:3f:24","-78","fc:ec:da:47:1f:b7","-74","2a:6b:ad:71:3f:0b","-82","04:18:d6:ad:04:71","-64","04:18:d6:0b:8c:e2","-72","fc:ec:da:47:11:17","-64","6a:4b:aa:6c:8f:32","-82","54:35:30:51:c9:b8","-88","20:5e:f7:56:53:44","-58","c4:a3:66:ba:07:be","-80","64:70:02:3f:4e:59","-83"
"i","98:de:d0:ed:3f:24","-78","fc:ec:da:47:1f:b7","-74","2a:6b:ad:71:3f:0b","-82","04:18:d6:ad:04:71","-64","04:18:d6:0b:8c:e2","-72","fc:ec:da:47:11:17","-64","6a:4b:aa:6c:8f:32","-82","54:35:30:51:c9:b8","-88","20:5e:f7:56:53:44","-58","c4:a3:66:ba:07:be","-80","64:70:02:3f:4e:59","-77"
"i","98:de:d0:ed:3f:24","-78","fc:ec:da:47:1f:b7","-74","2a:6b:ad:71:3f:0b","-82","04:18:d6:ad:04:71","-64","04:18:d6:0b:8c:e2","-72","fc:ec:da:47:11:17","-64","6a:4b:aa:6c:8f:32","-82","54:35:30:51:c9:b8","-88","20:5e:f7:56:53:44","-58","c4:a3:66:ba:07:be","-80","64:70:02:3f:4e:59","-77"
"i","98:de:d0:ed:3f:24","-78","fc:ec:da:47:1f:b7","-74","2a:6b:ad:71:3f:0b","-82","04:18:d6:ad:04:71","-64","04:18:d6:0b:8c:e2","-72","fc:ec:da:47:11:17","-64","6a:4b:aa:6c:8f:32","-82","54:35:30:51:c9:b8","-88","20:5e:f7:56:53:44","-58","c4:a3:66:ba:07:be","-80","64:70:02:3f:4e:59","-77"
"i","98:de:d0:ed:3f:24","-78","fc:ec:da:47:1f:b7","-74","2a:6b:ad:71:3f:0b","-82","04:18:d6:ad:04:71","-64","04:18:d6:0b:8c:e2","-72","fc:ec:da:47:11:17","-64","6a:4b:aa:6c:8f:32","-82","54:35:30:51:c9:b8","-88","20:5e:f7:56:53:44","-58","c4:a3:66:ba:07:be","-80","64:70:02:3f:4e:59","-77"
"i","98:de:d0:ed:3f:24","-78","fc:ec:da:47:1f:b7","-74","2a:6b:ad:71:3f:0b","-82","04:18:d6:ad:04:71","-64","04:18:d6:0b:8c:e2","-72","fc:ec:da:47:11:17","-64","6a:4b:aa:6c:8f:32","-82","54:35:30:51:c9:b8","-88","20:5e:f7:56:53:44","-58","c4:a3:66:ba:07:be","-80","64:70:02:3f:4e:59","-77"
"i","98:de:d0:ed:3f:24","-78","fc:ec:da:47:1f:b7","-74","2a:6b:ad:71:3f:0b","-82","04:18:d6:ad:04:71","-64","04:18:d6:0b:8c:e2","-72","fc:ec:da:47:11:17","-64","6a:4b:aa:6c:8f:32","-82","54:35:30:51:c9:b8","-88","20:5e:f7:56:53:44","-58","c4:a3:66:ba:07:be","-80","64:70:02:3f:4e:59","-77"
"i","98:de:d0:ed:3f:24","-78","fc:ec:da:47:1f:b7","-74","2a:6b:ad:71:3f:0b","-82","04:18:d6:ad:04:71","-64","04:18:d6:0b:8c:e2","-72","fc:ec:da:47:11:17","-64","6a:4b:aa:6c:8f:32","-82","54:35:30:51:c9:b8","-88","20:5e:f7:56:53:44","-58","c4:a3:66:ba:07:be","-80","64:70:02:3f:4e:59","-77"
"i","98:de:d0:ed:3f:24","-78","fc:ec:da:47:1f:b7","-74","2a:6b:ad:71:3f:0b","-82","04:18:d6:ad:04:71","-64","04:18:d6:0b:8c:e2","-72","fc:ec:da:47:11:17","-64","6a:4b:aa:6c:8f:32","-82","54:35:30:51:c9:b8","-88","20:5e:f7:56:53:44","-58","c4:a3:66:ba:07:be","-80","64:70:02:3f:4e:59","-77"
"i","98:de:d0:ed:3f:24","-78","fc:ec:da:47:1f:b7","-74","2a:6b:ad:71:3f:0b","-82","04:18:d6:ad:04:71","-64","04:18:d6:0b:8c:e2","-72","fc:ec:da:47:11:17","-64","6a:4b:aa:6c:8f:32","-82","54:35:30:51:c9:b8","-88","20:5e:f7:56:53:44","-58","c4:a3:66:ba:07:be","-80","64:70:02:3f:4e:59","-77"
"j","98:de:d0:ed:3f:24","-78","fc:ec:da:47:1f:b7","-74","2a:6b:ad:71:3f:0b","-82","04:18:d6:ad:04:71","-64","04:18:d6:0b:8c:e2","-72","fc:ec:da:47:11:17","-64","6a:4b:aa:6c:8f:32","-82","54:35:30:51:c9:b8","-88","20:5e:f7:56:53:44","-58","c4:a3:66:ba:07:be","-80","64:70:02:3f:4e:59","-79"
"j","98:de:d0:ed:3f:24","-78","fc:ec:da:47:1f:b7","-74","2a:6b:ad:71:3f:0b","-82","04:18:d6:ad:04:71","-64","04:18:d6:0b:8c:e2","-72","fc:ec:da:47:11:17","-64","6a:4b:aa:6c:8f:32","-82","54:35:30:51:c9:b8","-88","20:5e:f7:56:53:44","-58","c4:a3:66:ba:07:be","-80","64:70:02:3f:4e:59","-79"
"j","98:de:d0:ed:3f:24","-78","fc:ec:da:47:1f:b7","-74","2a:6b:ad:71:3f:0b","-82","04:18:d6:ad:04:71","-64","04:18:d6:0b:8c:e2","-72","fc:ec:da:47:11:17","-64","6a:4b:aa:6c:8f:32","-82","54:35:30:51:c9:b8","-88","20:5e:f7:56:53:44","-58","c4:a3:66:ba:07:be","-80","64:70:02:3f:4e:59","-79"
"j","98:de:d0:ed:3f:24","-78","fc:ec:da:47:1f:b7","-74","2a:6b:ad:71:3f:0b","-82","04:18:d6:ad:04:71","-64","04:18:d6:0b:8c:e2","-72","fc:ec:da:47:11:17","-64","6a:4b:aa:6c:8f:32","-82","54:35:30:51:c9:b8","-88","20:5e:f7:56:53:44","-58","c4:a3:66:ba:07:be","-80","64:70:02:3f:4e:59","-79"
"j","98:de:d0:ed:3f:24","-78","fc:ec:da:47:1f:b7","-74","2a:6b:ad:71:3f:0b","-82","04:18:d6:ad:04:71","-64","04:18:d6:0b:8c:e2","-72","fc:ec:da:47:11:17","-64","6a:4b:aa:6c:8f:32","-82","54:35:30:51:c9:b8","-88","20:5e:f7:56:53:44","-58","c4:a3:66:ba:07:be","-80","64:70:02:3f:4e:59","-80"
"j","98:de:d0:ed:3f:24","-78","fc:ec:da:47:1f:b7","-73","2a:6b:ad:71:3f:0b","-82","04:18:d6:ad:04:71","-64","04:18:d6:0b:8c:e2","-72","fc:ec:da:47:11:17","-64","6a:4b:aa:6c:8f:32","-82","54:35:30:51:c9:b8","-88","20:5e:f7:56:53:44","-61","c4:a3:66:ba:07:be","-80","64:70:02:3f:4e:59","-86"
"j","98:de:d0:ed:3f:24","-78","fc:ec:da:47:1f:b7","-73","2a:6b:ad:71:3f:0b","-82","04:18:d6:ad:04:71","-64","04:18:d6:0b:8c:e2","-72","fc:ec:da:47:11:17","-64","6a:4b:aa:6c:8f:32","-82","54:35:30:51:c9:b8","-88","20:5e:f7:56:53:44","-61","c4:a3:66:ba:07:be","-80","64:70:02:3f:4e:59","-86"
"j","98:de:d0:ed:3f:24","-78","fc:ec:da:47:1f:b7","-73","2a:6b:ad:71:3f:0b","-82","04:18:d6:ad:04:71","-64","04:18:d6:0b:8c:e2","-72","fc:ec:da:47:11:17","-64","6a:4b:aa:6c:8f:32","-82","54:35:30:51:c9:b8","-88","20:5e:f7:56:53:44","-61","c4:a3:66:ba:07:be","-80","64:70:02:3f:4e:59","-86"
"j","98:de:d0:ed:3f:24","-78","fc:ec:da:47:1f:b7","-73","2a:6b:ad:71:3f:0b","-82","04:18:d6:ad:04:71","-64","04:18:d6:0b:8c:e2","-72","fc:ec:da:47:11:17","-64","6a:4b:aa:6c:8f:32","-82","54:35:30:51:c9:b8","-88","20:5e:f7:56:53:44","-61","c4:a3:66:ba:07:be","-80","64:70:02:3f:4e:59","-86"
"j","98:de:d0:ed:3f:24","-78","fc:ec:da:47:1f:b7","-73","2a:6b:ad:71:3f:0b","-82","04:18:d6:ad:04:71","-64","04:18:d6:0b:8c:e2","-72","fc:ec:da:47:11:17","-64","6a:4b:aa:6c:8f:32","-82","54:35:30:51:c9:b8","-88","20:5e:f7:56:53:44","-61","c4:a3:66:ba:07:be","-80","64:70:02:3f:4e:59","-86"
"j","98:de:d0:ed:3f:24","-78","fc:ec:da:47:1f:b7","-73","2a:6b:ad:71:3f:0b","-82","04:18:d6:ad:04:71","-64","04:18:d6:0b:8c:e2","-72","fc:ec:da:47:11:17","-64","6a:4b:aa:6c:8f:32","-82","54:35:30:51:c9:b8","-88","20:5e:f7:56:53:44","-61","c4:a3:66:ba:07:be","-80","64:70:02:3f:4e:59","-86"
"j","98:de:d0:ed:3f:24","-78","fc:ec:da:47:1f:b7","-73","2a:6b:ad:71:3f:0b","-82","04:18:d6:ad:04:71","-64","04:18:d6:0b:8c:e2","-72","fc:ec:da:47:11:17","-64","6a:4b:aa:6c:8f:32","-82","54:35:30:51:c9:b8","-88","20:5e:f7:56:53:44","-61","c4:a3:66:ba:07:be","-80","64:70:02:3f:4e:59","-86"
"j","98:de:d0:ed:3f:24","-78","fc:ec:da:47:1f:b7","-73","2a:6b:ad:71:3f:0b","-82","04:18:d6:ad:04:71","-64","04:18:d6:0b:8c:e2","-72","fc:ec:da:47:11:17","-64","6a:4b:aa:6c:8f:32","-82","54:35:30:51:c9:b8","-88","20:5e:f7:56:53:44","-61","c4:a3:66:ba:07:be","-80","64:70:02:3f:4e:59","-86"
"j","98:de:d0:ed:3f:24","-78","fc:ec:da:47:1f:b7","-73","2a:6b:ad:71:3f:0b","-82","04:18:d6:ad:04:71","-64","04:18:d6:0b:8c:e2","-72","fc:ec:da:47:11:17","-64","6a:4b:aa:6c:8f:32","-82","54:35:30:51:c9:b8","-88","20:5e:f7:56:53:44","-61","c4:a3:66:ba:07:be","-80","64:70:02:3f:4e:59","-86"
"j","98:de:d0:ed:3f:24","-78","fc:ec:da:47:1f:b7","-73","2a:6b:ad:71:3f:0b","-82","04:18:d6:ad:04:71","-64","04:18:d6:0b:8c:e2","-72","fc:ec:da:47:11:17","-64","6a:4b:aa:6c:8f:32","-82","54:35:30:51:c9:b8","-88","20:5e:f7:56:53:44","-61","c4:a3:66:ba:07:be","-80","64:70:02:3f:4e:59","-86"
"j","98:de:d0:ed:3f:24","-78","fc:ec:da:47:1f:b7","-73","2a:6b:ad:71:3f:0b","-82","04:18:d6:ad:04:71","-64","04:18:d6:0b:8c:e2","-72","fc:ec:da:47:11:17","-64","6a:4b:aa:6c:8f:32","-82","54:35:30:51:c9:b8","-88","20:5e:f7:56:53:44","-61","c4:a3:66:ba:07:be","-80","64:70:02:3f:4e:59","-86"
"j","98:de:d0:ed:3f:24","-78","fc:ec:da:47:1f:b7","-73","2a:6b:ad:71:3f:0b","-82","04:18:d6:ad:04:71","-64","04:18:d6:0b:8c:e2","-72","fc:ec:da:47:11:17","-64","6a:4b:aa:6c:8f:32","-82","54:35:30:51:c9:b8","-88","20:5e:f7:56:53:44","-61","c4:a3:66:ba:07:be","-80","64:70:02:3f:4e:59","-86"
"j","98:de:d0:ed:3f:24","-78","fc:ec:da:47:1f:b7","-73","2a:6b:ad:71:3f:0b","-82","04:18:d6:ad:04:71","-64","04:18:d6:0b:8c:e2","-72","fc:ec:da:47:11:17","-64","6a:4b:aa:6c:8f:32","-82","54:35:30:51:c9:b8","-88","20:5e:f7:56:53:44","-61","c4:a3:66:ba:07:be","-80","64:70:02:3f:4e:59","-86"
"j","98:de:d0:ed:3f:24","-78","fc:ec:da:47:1f:b7","-73","2a:6b:ad:71:3f:0b","-82","04:18:d6:ad:04:71","-64","04:18:d6:0b:8c:e2","-72","fc:ec:da:47:11:17","-64","6a:4b:aa:6c:8f:32","-82","54:35:30:51:c9:b8","-88","20:5e:f7:56:53:44","-61","c4:a3:66:ba:07:be","-80","64:70:02:3f:4e:59","-86"
"j","98:de:d0:ed:3f:24","-78","fc:ec:da:47:1f:b7","-73","2a:6b:ad:71:3f:0b","-82","04:18:d6:ad:04:71","-64","04:18:d6:0b:8c:e2","-72","fc:ec:da:47:11:17","-64","6a:4b:aa:6c:8f:32","-82","54:35:30:51:c9:b8","-88","20:5e:f7:56:53:44","-61","c4:a3:66:ba:07:be","-80","64:70:02:3f:4e:59","-86"
"k","fc:ec:da:47:1f:b7","-73","04:18:d6:ad:04:71","-64","20:5e:f7:56:53:44","-60","c4:a3:66:ba:07:be","-80","64:70:02:3f:4e:59","-86","fc:ec:da:47:15:3b","-63","bc:20:10:4a:da:22","-80","fc:ec:da:47:0d:7f","-77","54:35:30:51:c9:b8","-84"
"k","fc:ec:da:47:1f:b7","-73","04:18:d6:ad:04:71","-64","20:5e:f7:56:53:44","-60","c4:a3:66:ba:07:be","-80","64:70:02:3f:4e:59","-86","fc:ec:da:47:15:3b","-63","bc:20:10:4a:da:22","-80","fc:ec:da:47:0d:7f","-77","54:35:30:51:c9:b8","-84"
"k","fc:ec:da:47:1f:b7","-73","04:18:d6:ad:04:71","-64","20:5e:f7:56:53:44","-60","c4:a3:66:ba:07:be","-80","64:70:02:3f:4e:59","-86","fc:ec:da:47:15:3b","-63","bc:20:10:4a:da:22","-80","fc:ec:da:47:0d:7f","-77","54:35:30:51:c9:b8","-84"
"k","fc:ec:da:47:1f:b7","-73","04:18:d6:ad:04:71","-64","20:5e:f7:56:53:44","-60","c4:a3:66:ba:07:be","-80","64:70:02:3f:4e:59","-86","fc:ec:da:47:15:3b","-63","bc:20:10:4a:da:22","-80","fc:ec:da:47:0d:7f","-77","54:35:30:51:c9:b8","-84"
"k","fc:ec:da:47:1f:b7","-73","04:18:d6:ad:04:71","-64","20:5e:f7:56:53:44","-60","c4:a3:66:ba:07:be","-80","64:70:02:3f:4e:59","-86","fc:ec:da:47:15:3b","-63","bc:20:10:4a:da:22","-80","fc:ec:da:47:0d:7f","-77","54:35:30:51:c9:b8","-84"
"k","fc:ec:da:47:1f:b7","-73","04:18:d6:ad:04:71","-64","20:5e:f7:56:53:44","-60","c4:a3:66:ba:07:be","-80","64:70:02:3f:4e:59","-86","fc:ec:da:47:15:3b","-63","bc:20:10:4a:da:22","-80","fc:ec:da:47:0d:7f","-77","54:35:30:51:c9:b8","-84"
"k","fc:ec:da:47:1f:b7","-73","04:18:d6:ad:04:71","-64","20:5e:f7:56:53:44","-60","c4:a3:66:ba:07:be","-80","64:70:02:3f:4e:59","-86","fc:ec:da:47:15:3b","-63","bc:20:10:4a:da:22","-80","fc:ec:da:47:0d:7f","-77","54:35:30:51:c9:b8","-84"
"k","fc:ec:da:47:1f:b7","-73","04:18:d6:ad:04:71","-64","20:5e:f7:56:53:44","-60","c4:a3:66:ba:07:be","-80","64:70:02:3f:4e:59","-86","fc:ec:da:47:15:3b","-63","bc:20:10:4a:da:22","-80","fc:ec:da:47:0d:7f","-77","54:35:30:51:c9:b8","-84"
"k","fc:ec:da:47:1f:b7","-73","04:18:d6:ad:04:71","-64","20:5e:f7:56:53:44","-60","c4:a3:66:ba:07:be","-80","64:70:02:3f:4e:59","-86","fc:ec:da:47:15:3b","-63","bc:20:10:4a:da:22","-80","fc:ec:da:47:0d:7f","-77","54:35:30:51:c9:b8","-84"
"k","fc:ec:da:47:1f:b7","-73","04:18:d6:ad:04:71","-64","20:5e:f7:56:53:44","-60","c4:a3:66:ba:07:be","-80","64:70:02:3f:4e:59","-86","fc:ec:da:47:15:3b","-63","bc:20:10:4a:da:22","-80","fc:ec:da:47:0d:7f","-77","54:35:30:51:c9:b8","-84"
"k","fc:ec:da:47:1f:b7","-73","04:18:d6:ad:04:71","-64","20:5e:f7:56:53:44","-60","c4:a3:66:ba:07:be","-80","64:70:02:3f:4e:59","-86","fc:ec:da:47:15:3b","-59","bc:20:10:4a:da:22","-80","fc:ec:da:47:0d:7f","-79","54:35:30:51:c9:b8","-84","fc:ec:da:47:11:17","-76"
"k","fc:ec:da:47:1f:b7","-73","04:18:d6:ad:04:71","-64","20:5e:f7:56:53:44","-60","c4:a3:66:ba:07:be","-80","64:70:02:3f:4e:59","-86","fc:ec:da:47:15:3b","-59","bc:20:10:4a:da:22","-80","fc:ec:da:47:0d:7f","-79","54:35:30:51:c9:b8","-84","fc:ec:da:47:11:17","-76"
"k","fc:ec:da:47:1f:b7","-73","04:18:d6:ad:04:71","-64","20:5e:f7:56:53:44","-60","c4:a3:66:ba:07:be","-80","64:70:02:3f:4e:59","-86","fc:ec:da:47:15:3b","-59","bc:20:10:4a:da:22","-80","fc:ec:da:47:0d:7f","-79","54:35:30:51:c9:b8","-84","fc:ec:da:47:11:17","-76"
"k","fc:ec:da:47:1f:b7","-73","04:18:d6:ad:04:71","-64","20:5e:f7:56:53:44","-60","c4:a3:66:ba:07:be","-80","64:70:02:3f:4e:59","-86","fc:ec:da:47:15:3b","-59","bc:20:10:4a:da:22","-80","fc:ec:da:47:0d:7f","-79","54:35:30:51:c9:b8","-84","fc:ec:da:47:11:17","-76"
"k","fc:ec:da:47:1f:b7","-73","04:18:d6:ad:04:71","-64","20:5e:f7:56:53:44","-60","c4:a3:66:ba:07:be","-80","64:70:02:3f:4e:59","-86","fc:ec:da:47:15:3b","-59","bc:20:10:4a:da:22","-80","fc:ec:da:47:0d:7f","-79","54:35:30:51:c9:b8","-84","fc:ec:da:47:11:17","-76"
"k","fc:ec:da:47:1f:b7","-73","04:18:d6:ad:04:71","-64","20:5e:f7:56:53:44","-60","c4:a3:66:ba:07:be","-80","64:70:02:3f:4e:59","-86","fc:ec:da:47:15:3b","-59","bc:20:10:4a:da:22","-80","fc:ec:da:47:0d:7f","-79","54:35:30:51:c9:b8","-84","fc:ec:da:47:11:17","-76"
"k","fc:ec:da:47:1f:b7","-73","04:18:d6:ad:04:71","-64","20:5e:f7:56:53:44","-60","c4:a3:66:ba:07:be","-80","64:70:02:3f:4e:59","-86","fc:ec:da:47:15:3b","-59","bc:20:10:4a:da:22","-80","fc:ec:da:47:0d:7f","-79","54:35:30:51:c9:b8","-84","fc:ec:da:47:11:17","-76"
"k","fc:ec:da:47:1f:b7","-73","04:18:d6:ad:04:71","-64","20:5e:f7:56:53:44","-60","c4:a3:66:ba:07:be","-80","64:70:02:3f:4e:59","-86","fc:ec:da:47:15:3b","-59","bc:20:10:4a:da:22","-80","fc:ec:da:47:0d:7f","-79","54:35:30:51:c9:b8","-84","fc:ec:da:47:11:17","-76"
"k","fc:ec:da:47:1f:b7","-73","04:18:d6:ad:04:71","-64","20:5e:f7:56:53:44","-60","c4:a3:66:ba:07:be","-80","64:70:02:3f:4e:59","-86","fc:ec:da:47:15:3b","-59","bc:20:10:4a:da:22","-80","fc:ec:da:47:0d:7f","-79","54:35:30:51:c9:b8","-84","fc:ec:da:47:11:17","-76"
"k","fc:ec:da:47:1f:b7","-73","04:18:d6:ad:04:71","-64","20:5e:f7:56:53:44","-60","c4:a3:66:ba:07:be","-80","64:70:02:3f:4e:59","-86","fc:ec:da:47:15:3b","-59","bc:20:10:4a:da:22","-80","fc:ec:da:47:0d:7f","-79","54:35:30:51:c9:b8","-84","fc:ec:da:47:11:17","-76"
"l","fc:ec:da:47:1f:b7","-67","20:5e:f7:56:53:44","-61","fc:ec:da:47:15:3b","-65","bc:20:10:4a:da:22","-82","fc:ec:da:47:0d:7f","-79","54:35:30:51:c9:b8","-84","fc:ec:da:47:11:17","-76","4c:5e:0c:9d:fb:ff","-83","98:de:d0:ed:3f:24","-86","c4:a3:66:ba:07:be","-80","10:fe:ed:3b:33:e3","-84","04:18:d6:0b:8c:e2","-76","04:18:d6:ad:03:bc","-81","64:70:02:3f:4e:59","-86"
"l","fc:ec:da:47:1f:b7","-67","20:5e:f7:56:53:44","-61","fc:ec:da:47:15:3b","-65","bc:20:10:4a:da:22","-82","fc:ec:da:47:0d:7f","-79","54:35:30:51:c9:b8","-84","fc:ec:da:47:11:17","-76","4c:5e:0c:9d:fb:ff","-83","98:de:d0:ed:3f:24","-86","c4:a3:66:ba:07:be","-80","10:fe:ed:3b:33:e3","-84","04:18:d6:0b:8c:e2","-76","04:18:d6:ad:03:bc","-81","64:70:02:3f:4e:59","-86"
"l","fc:ec:da:47:1f:b7","-67","20:5e:f7:56:53:44","-61","fc:ec:da:47:15:3b","-65","bc:20:10:4a:da:22","-82","fc:ec:da:47:0d:7f","-79","54:35:30:51:c9:b8","-84","fc:ec:da:47:11:17","-76","4c:5e:0c:9d:fb:ff","-83","98:de:d0:ed:3f:24","-86","c4:a3:66:ba:07:be","-80","10:fe:ed:3b:33:e3","-84","04:18:d6:0b:8c:e2","-76","04:18:d6:ad:03:bc","-81","64:70:02:3f:4e:59","-86"
"l","fc:ec:da:47:1f:b7","-67","20:5e:f7:56:53:44","-61","fc:ec:da:47:15:3b","-65","bc:20:10:4a:da:22","-82","fc:ec:da:47:0d:7f","-79","54:35:30:51:c9:b8","-84","fc:ec:da:47:11:17","-76","4c:5e:0c:9d:fb:ff","-83","98:de:d0:ed:3f:24","-86","c4:a3:66:ba:07:be","-80","10:fe:ed:3b:33:e3","-84","04:18:d6:0b:8c:e2","-76","04:18:d6:ad:03:bc","-81","64:70:02:3f:4e:59","-86"
"l","fc:ec:da:47:1f:b7","-67","20:5e:f7:56:53:44","-61","fc:ec:da:47:15:3b","-65","bc:20:10:4a:da:22","-82","fc:ec:da:47:0d:7f","-79","54:35:30:51:c9:b8","-84","fc:ec:da:47:11:17","-76","4c:5e:0c:9d:fb:ff","-83","98:de:d0:ed:3f:24","-86","c4:a3:66:ba:07:be","-80","10:fe:ed:3b:33:e3","-84","04:18:d6:0b:8c:e2","-76","04:18:d6:ad:03:bc","-81","64:70:02:3f:4e:59","-86"
"l","fc:ec:da:47:1f:b7","-67","20:5e:f7:56:53:44","-61","fc:ec:da:47:15:3b","-65","bc:20:10:4a:da:22","-82","fc:ec:da:47:0d:7f","-79","54:35:30:51:c9:b8","-84","fc:ec:da:47:11:17","-76","4c:5e:0c:9d:fb:ff","-83","98:de:d0:ed:3f:24","-86","c4:a3:66:ba:07:be","-80","10:fe:ed:3b:33:e3","-84","04:18:d6:0b:8c:e2","-76","04:18:d6:ad:03:bc","-81","64:70:02:3f:4e:59","-86"
"l","fc:ec:da:47:1f:b7","-67","20:5e:f7:56:53:44","-61","fc:ec:da:47:15:3b","-65","bc:20:10:4a:da:22","-82","fc:ec:da:47:0d:7f","-79","54:35:30:51:c9:b8","-84","fc:ec:da:47:11:17","-76","4c:5e:0c:9d:fb:ff","-83","98:de:d0:ed:3f:24","-86","c4:a3:66:ba:07:be","-80","10:fe:ed:3b:33:e3","-84","04:18:d6:0b:8c:e2","-76","04:18:d6:ad:03:bc","-81","64:70:02:3f:4e:59","-86"
"l","fc:ec:da:47:1f:b7","-67","20:5e:f7:56:53:44","-61","fc:ec:da:47:15:3b","-65","bc:20:10:4a:da:22","-82","fc:ec:da:47:0d:7f","-79","54:35:30:51:c9:b8","-84","fc:ec:da:47:11:17","-76","4c:5e:0c:9d:fb:ff","-83","98:de:d0:ed:3f:24","-86","c4:a3:66:ba:07:be","-80","10:fe:ed:3b:33:e3","-84","04:18:d6:0b:8c:e2","-76","04:18:d6:ad:03:bc","-81","64:70:02:3f:4e:59","-86"
"l","fc:ec:da:47:1f:b7","-67","20:5e:f7:56:53:44","-61","fc:ec:da:47:15:3b","-65","bc:20:10:4a:da:22","-82","fc:ec:da:47:0d:7f","-79","54:35:30:51:c9:b8","-84","fc:ec:da:47:11:17","-76","4c:5e:0c:9d:fb:ff","-83","98:de:d0:ed:3f:24","-86","c4:a3:66:ba:07:be","-80","10:fe:ed:3b:33:e3","-84","04:18:d6:0b:8c:e2","-76","04:18:d6:ad:03:bc","-81","64:70:02:3f:4e:59","-86"
"l","fc:ec:da:47:1f:b7","-67","20:5e:f7:56:53:44","-61","fc:ec:da:47:15:3b","-65","bc:20:10:4a:da:22","-82","fc:ec:da:47:0d:7f","-79","54:35:30:51:c9:b8","-84","fc:ec:da:47:11:17","-76","4c:5e:0c:9d:fb:ff","-83","98:de:d0:ed:3f:24","-86","c4:a3:66:ba:07:be","-80","10:fe:ed:3b:33:e3","-84","04:18:d6:0b:8c:e2","-76","04:18:d6:ad:03:bc","-81","64:70:02:3f:4e:59","-86"
"l","fc:ec:da:47:1f:b7","-67","20:5e:f7:56:53:44","-61","fc:ec:da:47:15:3b","-65","bc:20:10:4a:da:22","-82","fc:ec:da:47:0d:7f","-79","54:35:30:51:c9:b8","-84","fc:ec:da:47:11:17","-76","4c:5e:0c:9d:fb:ff","-83","98:de:d0:ed:3f:24","-86","c4:a3:66:ba:07:be","-80","10:fe:ed:3b:33:e3","-84","04:18:d6:0b:8c:e2","-76","04:18:d6:ad:03:bc","-81","64:70:02:3f:4e:59","-86"
"l","fc:ec:da:47:1f:b7","-67","20:5e:f7:56:53:44","-61","fc:ec:da:47:15:3b","-65","bc:20:10:4a:da:22","-82","fc:ec:da:47:0d:7f","-79","54:35:30:51:c9:b8","-84","fc:ec:da:47:11:17","-76","4c:5e:0c:9d:fb:ff","-83","98:de:d0:ed:3f:24","-86","c4:a3:66:ba:07:be","-80","10:fe:ed:3b:33:e3","-84","04:18:d6:0b:8c:e2","-76","04:18:d6:ad:03:bc","-81","64:70:02:3f:4e:59","-86"
"l","fc:ec:da:47:1f:b7","-67","20:5e:f7:56:53:44","-61","fc:ec:da:47:15:3b","-65","bc:20:10:4a:da:22","-82","fc:ec:da:47:0d:7f","-79","54:35:30:51:c9:b8","-84","fc:ec:da:47:11:17","-76","4c:5e:0c:9d:fb:ff","-83","98:de:d0:ed:3f:24","-86","c4:a3:66:ba:07:be","-80","10:fe:ed:3b:33:e3","-84","04:18:d6:0b:8c:e2","-76","04:18:d6:ad:03:bc","-81","64:70:02:3f:4e:59","-86"
"l","fc:ec:da:47:1f:b7","-67","20:5e:f7:56:53:44","-67","fc:ec:da:47:15:3b","-57","bc:20:10:4a:da:22","-82","fc:ec:da:47:0d:7f","-79","54:35:30:51:c9:b8","-86","fc:ec:da:47:11:17","-76","4c:5e:0c:9d:fb:ff","-83","98:de:d0:ed:3f:24","-86","c4:a3:66:ba:07:be","-83","10:fe:ed:3b:33:e3","-84","04:18:d6:0b:8c:e2","-76","04:18:d6:ad:03:bc","-77","64:70:02:3f:4e:59","-86","04:18:d6:ad:03:8b","-81"
"l","fc:ec:da:47:1f:b7","-67","20:5e:f7:56:53:44","-67","fc:ec:da:47:15:3b","-57","bc:20:10:4a:da:22","-82","fc:ec:da:47:0d:7f","-79","54:35:30:51:c9:b8","-86","fc:ec:da:47:11:17","-76","4c:5e:0c:9d:fb:ff","-83","98:de:d0:ed:3f:24","-86","c4:a3:66:ba:07:be","-83","10:fe:ed:3b:33:e3","-84","04:18:d6:0b:8c:e2","-76","04:18:d6:ad:03:bc","-77","64:70:02:3f:4e:59","-86","04:18:d6:ad:03:8b","-81"
"l","fc:ec:da:47:1f:b7","-67","20:5e:f7:56:53:44","-67","fc:ec:da:47:15:3b","-57","bc:20:10:4a:da:22","-82","fc:ec:da:47:0d:7f","-79","54:35:30:51:c9:b8","-86","fc:ec:da:47:11:17","-76","4c:5e:0c:9d:fb:ff","-83","98:de:d0:ed:3f:24","-86","c4:a3:66:ba:07:be","-83","10:fe:ed:3b:33:e3","-84","04:18:d6:0b:8c:e2","-76","04:18:d6:ad:03:bc","-77","64:70:02:3f:4e:59","-86","04:18:d6:ad:03:8b","-81"
"l","fc:ec:da:47:1f:b7","-67","20:5e:f7:56:53:44","-67","fc:ec:da:47:15:3b","-57","bc:20:10:4a:da:22","-82","fc:ec:da:47:0d:7f","-79","54:35:30:51:c9:b8","-86","fc:ec:da:47:11:17","-76","4c:5e:0c:9d:fb:ff","-83","98:de:d0:ed:3f:24","-86","c4:a3:66:ba:07:be","-83","10:fe:ed:3b:33:e3","-84","04:18:d6:0b:8c:e2","-76","04:18:d6:ad:03:bc","-77","64:70:02:3f:4e:59","-86","04:18:d6:ad:03:8b","-81"
"l","fc:ec:da:47:1f:b7","-67","20:5e:f7:56:53:44","-67","fc:ec:da:47:15:3b","-57","bc:20:10:4a:da:22","-82","fc:ec:da:47:0d:7f","-79","54:35:30:51:c9:b8","-86","fc:ec:da:47:11:17","-76","4c:5e:0c:9d:fb:ff","-83","98:de:d0:ed:3f:24","-86","c4:a3:66:ba:07:be","-83","10:fe:ed:3b:33:e3","-84","04:18:d6:0b:8c:e2","-76","04:18:d6:ad:03:bc","-77","64:70:02:3f:4e:59","-86","04:18:d6:ad:03:8b","-81"
"l","fc:ec:da:47:1f:b7","-67","20:5e:f7:56:53:44","-67","fc:ec:da:47:15:3b","-57","bc:20:10:4a:da:22","-82","fc:ec:da:47:0d:7f","-79","54:35:30:51:c9:b8","-86","fc:ec:da:47:11:17","-76","4c:5e:0c:9d:fb:ff","-83","98:de:d0:ed:3f:24","-86","c4:a3:66:ba:07:be","-83","10:fe:ed:3b:33:e3","-84","04:18:d6:0b:8c:e2","-76","04:18:d6:ad:03:bc","-77","64:70:02:3f:4e:59","-86","04:18:d6:ad:03:8b","-81"
"l","fc:ec:da:47:1f:b7","-67","20:5e:f7:56:53:44","-67","fc:ec:da:47:15:3b","-57","bc:20:10:4a:da:22","-82","fc:ec:da:47:0d:7f","-79","54:35:30:51:c9:b8","-86","fc:ec:da:47:11:17","-76","4c:5e:0c:9d:fb:ff","-83","98:de:d0:ed:3f:24","-86","c4:a3:66:ba:07:be","-83","10:fe:ed:3b:33:e3","-84","04:18:d6:0b:8c:e2","-76","04:18:d6:ad:03:bc","-77","64:70:02:3f:4e:59","-86","04:18:d6:ad:03:8b","-81"
"a","20:5e:f7:56:53:44","-69","fc:ec:da:47:15:3b","-58","bc:20:10:4a:da:22","-84","fc:ec:da:47:0d:7f","-76","54:35:30:51:c9:b8","-86","fc:ec:da:47:11:17","-68","4c:5e:0c:9d:fb:ff","-83","98:de:d0:ed:3f:24","-86","c4:a3:66:ba:07:be","-82","10:fe:ed:3b:33:e3","-84","04:18:d6:0b:8c:e2","-76","04:18:d6:ad:03:bc","-77","64:70:02:3f:4e:59","-86","04:18:d6:ad:03:8b","-81","04:18:d6:ad:03:91","-78"
"a","20:5e:f7:56:53:44","-69","fc:ec:da:47:15:3b","-58","bc:20:10:4a:da:22","-84","fc:ec:da:47:0d:7f","-76","54:35:30:51:c9:b8","-86","fc:ec:da:47:11:17","-68","4c:5e:0c:9d:fb:ff","-83","98:de:d0:ed:3f:24","-86","c4:a3:66:ba:07:be","-82","10:fe:ed:3b:33:e3","-84","04:18:d6:0b:8c:e2","-76","04:18:d6:ad:03:bc","-77","64:70:02:3f:4e:59","-86","04:18:d6:ad:03:8b","-81","04:18:d6:ad:03:91","-78"
"a","20:5e:f7:56:53:44","-69","fc:ec:da:47:15:3b","-58","bc:20:10:4a:da:22","-84","fc:ec:da:47:0d:7f","-76","54:35:30:51:c9:b8","-86","fc:ec:da:47:11:17","-68","4c:5e:0c:9d:fb:ff","-83","98:de:d0:ed:3f:24","-86","c4:a3:66:ba:07:be","-82","10:fe:ed:3b:33:e3","-84","04:18:d6:0b:8c:e2","-76","04:18:d6:ad:03:bc","-77","64:70:02:3f:4e:59","-86","04:18:d6:ad:03:8b","-81","04:18:d6:ad:03:91","-78"
"a","20:5e:f7:56:53:44","-69","fc:ec:da:47:15:3b","-58","bc:20:10:4a:da:22","-84","fc:ec:da:47:0d:7f","-76","54:35:30:51:c9:b8","-86","fc:ec:da:47:11:17","-68","4c:5e:0c:9d:fb:ff","-83","98:de:d0:ed:3f:24","-86","c4:a3:66:ba:07:be","-82","10:fe:ed:3b:33:e3","-84","04:18:d6:0b:8c:e2","-76","04:18:d6:ad:03:bc","-77","64:70:02:3f:4e:59","-86","04:18:d6:ad:03:8b","-81","04:18:d6:ad:03:91","-78"
"a","20:5e:f7:56:53:44","-69","fc:ec:da:47:15:3b","-58","bc:20:10:4a:da:22","-84","fc:ec:da:47:0d:7f","-76","54:35:30:51:c9:b8","-86","fc:ec:da:47:11:17","-68","4c:5e:0c:9d:fb:ff","-83","98:de:d0:ed:3f:24","-86","c4:a3:66:ba:07:be","-82","10:fe:ed:3b:33:e3","-84","04:18:d6:0b:8c:e2","-76","04:18:d6:ad:03:bc","-77","64:70:02:3f:4e:59","-86","04:18:d6:ad:03:8b","-81","04:18:d6:ad:03:91","-78"
"a","20:5e:f7:56:53:44","-69","fc:ec:da:47:15:3b","-58","bc:20:10:4a:da:22","-84","fc:ec:da:47:0d:7f","-76","54:35:30:51:c9:b8","-86","fc:ec:da:47:11:17","-68","4c:5e:0c:9d:fb:ff","-83","98:de:d0:ed:3f:24","-86","c4:a3:66:ba:07:be","-82","10:fe:ed:3b:33:e3","-84","04:18:d6:0b:8c:e2","-76","04:18:d6:ad:03:bc","-77","64:70:02:3f:4e:59","-86","04:18:d6:ad:03:8b","-81","04:18:d6:ad:03:91","-78"
"a","20:5e:f7:56:53:44","-69","fc:ec:da:47:15:3b","-58","bc:20:10:4a:da:22","-84","fc:ec:da:47:0d:7f","-76","54:35:30:51:c9:b8","-86","fc:ec:da:47:11:17","-68","4c:5e:0c:9d:fb:ff","-83","98:de:d0:ed:3f:24","-86","c4:a3:66:ba:07:be","-82","10:fe:ed:3b:33:e3","-84","04:18:d6:0b:8c:e2","-76","04:18:d6:ad:03:bc","-77","64:70:02:3f:4e:59","-86","04:18:d6:ad:03:8b","-81","04:18:d6:ad:03:91","-78"
"a","20:5e:f7:56:53:44","-69","fc:ec:da:47:15:3b","-58","bc:20:10:4a:da:22","-84","fc:ec:da:47:0d:7f","-76","54:35:30:51:c9:b8","-86","fc:ec:da:47:11:17","-68","4c:5e:0c:9d:fb:ff","-83","98:de:d0:ed:3f:24","-86","c4:a3:66:ba:07:be","-82","10:fe:ed:3b:33:e3","-84","04:18:d6:0b:8c:e2","-76","04:18:d6:ad:03:bc","-77","64:70:02:3f:4e:59","-86","04:18:d6:ad:03:8b","-81","04:18:d6:ad:03:91","-78"
"a","20:5e:f7:56:53:44","-69","fc:ec:da:47:15:3b","-58","bc:20:10:4a:da:22","-84","fc:ec:da:47:0d:7f","-76","54:35:30:51:c9:b8","-86","fc:ec:da:47:11:17","-68","4c:5e:0c:9d:fb:ff","-83","98:de:d0:ed:3f:24","-86","c4:a3:66:ba:07:be","-82","10:fe:ed:3b:33:e3","-84","04:18:d6:0b:8c:e2","-76","04:18:d6:ad:03:bc","-77","64:70:02:3f:4e:59","-86","04:18:d6:ad:03:8b","-81","04:18:d6:ad:03:91","-78"
"a","20:5e:f7:56:53:44","-69","fc:ec:da:47:15:3b","-58","bc:20:10:4a:da:22","-84","fc:ec:da:47:0d:7f","-76","54:35:30:51:c9:b8","-86","fc:ec:da:47:11:17","-68","4c:5e:0c:9d:fb:ff","-83","98:de:d0:ed:3f:24","-86","c4:a3:66:ba:07:be","-82","10:fe:ed:3b:33:e3","-84","04:18:d6:0b:8c:e2","-76","04:18:d6:ad:03:bc","-77","64:70:02:3f:4e:59","-86","04:18:d6:ad:03:8b","-81","04:18:d6:ad:03:91","-78"
"a","20:5e:f7:56:53:44","-69","fc:ec:da:47:15:3b","-58","bc:20:10:4a:da:22","-84","fc:ec:da:47:0d:7f","-76","54:35:30:51:c9:b8","-86","fc:ec:da:47:11:17","-68","4c:5e:0c:9d:fb:ff","-83","98:de:d0:ed:3f:24","-86","c4:a3:66:ba:07:be","-82","10:fe:ed:3b:33:e3","-84","04:18:d6:0b:8c:e2","-76","04:18:d6:ad:03:bc","-77","64:70:02:3f:4e:59","-86","04:18:d6:ad:03:8b","-81","04:18:d6:ad:03:91","-78"
"a","20:5e:f7:56:53:44","-69","fc:ec:da:47:15:3b","-58","bc:20:10:4a:da:22","-84","fc:ec:da:47:0d:7f","-78","54:35:30:51:c9:b8","-86","fc:ec:da:47:11:17","-74","c4:a3:66:ba:07:be","-82","04:18:d6:ad:03:bc","-77","04:18:d6:ad:03:8b","-81","04:18:d6:ad:03:91","-78","fc:ec:da:47:1f:b7","-72","04:18:d6:ad:04:71","-81"
"a","20:5e:f7:56:53:44","-69","fc:ec:da:47:15:3b","-58","bc:20:10:4a:da:22","-84","fc:ec:da:47:0d:7f","-78","54:35:30:51:c9:b8","-86","fc:ec:da:47:11:17","-74","c4:a3:66:ba:07:be","-82","04:18:d6:ad:03:bc","-77","04:18:d6:ad:03:8b","-81","04:18:d6:ad:03:91","-78","fc:ec:da:47:1f:b7","-72","04:18:d6:ad:04:71","-81"
"a","20:5e:f7:56:53:44","-69","fc:ec:da:47:15:3b","-58","bc:20:10:4a:da:22","-84","fc:ec:da:47:0d:7f","-78","54:35:30:51:c9:b8","-86","fc:ec:da:47:11:17","-74","c4:a3:66:ba:07:be","-82","04:18:d6:ad:03:bc","-77","04:18:d6:ad:03:8b","-81","04:18:d6:ad:03:91","-78","fc:ec:da:47:1f:b7","-72","04:18:d6:ad:04:71","-81"
"a","20:5e:f7:56:53:44","-69","fc:ec:da:47:15:3b","-58","bc:20:10:4a:da:22","-84","fc:ec:da:47:0d:7f","-78","54:35:30:51:c9:b8","-86","fc:ec:da:47:11:17","-74","c4:a3:66:ba:07:be","-82","04:18:d6:ad:03:bc","-77","04:18:d6:ad:03:8b","-81","04:18:d6:ad:03:91","-78","fc:ec:da:47:1f:b7","-72","04:18:d6:ad:04:71","-81"
"a","20:5e:f7:56:53:44","-69","fc:ec:da:47:15:3b","-58","bc:20:10:4a:da:22","-84","fc:ec:da:47:0d:7f","-78","54:35:30:51:c9:b8","-86","fc:ec:da:47:11:17","-74","c4:a3:66:ba:07:be","-82","04:18:d6:ad:03:bc","-77","04:18:d6:ad:03:8b","-81","04:18:d6:ad:03:91","-78","fc:ec:da:47:1f:b7","-72","04:18:d6:ad:04:71","-81"
"a","20:5e:f7:56:53:44","-69","fc:ec:da:47:15:3b","-58","bc:20:10:4a:da:22","-84","fc:ec:da:47:0d:7f","-78","54:35:30:51:c9:b8","-86","fc:ec:da:47:11:17","-74","c4:a3:66:ba:07:be","-82","04:18:d6:ad:03:bc","-77","04:18:d6:ad:03:8b","-81","04:18:d6:ad:03:91","-78","fc:ec:da:47:1f:b7","-72","04:18:d6:ad:04:71","-81"
"a","20:5e:f7:56:53:44","-69","fc:ec:da:47:15:3b","-58","bc:20:10:4a:da:22","-84","fc:ec:da:47:0d:7f","-78","54:35:30:51:c9:b8","-86","fc:ec:da:47:11:17","-74","c4:a3:66:ba:07:be","-82","04:18:d6:ad:03:bc","-77","04:18:d6:ad:03:8b","-81","04:18:d6:ad:03:91","-78","fc:ec:da:47:1f:b7","-72","04:18:d6:ad:04:71","-81"
"a","20:5e:f7:56:53:44","-69","fc:ec:da:47:15:3b","-58","bc:20:10:4a:da:22","-84","fc:ec:da:47:0d:7f","-78","54:35:30:51:c9:b8","-86","fc:ec:da:47:11:17","-74","c4:a3:66:ba:07:be","-82","04:18:d6:ad:03:bc","-77","04:18:d6:ad:03:8b","-81","04:18:d6:ad:03:91","-78","fc:ec:da:47:1f:b7","-72","04:18:d6:ad:04:71","-81"
"a","20:5e:f7:56:53:44","-69","fc:ec:da:47:15:3b","-58","bc:20:10:4a:da:22","-84","fc:ec:da:47:0d:7f","-78","54:35:30:51:c9:b8","-86","fc:ec:da:47:11:17","-74","c4:a3:66:ba:07:be","-82","04:18:d6:ad:03:bc","-77","04:18:d6:ad:03:8b","-81","04:18:d6:ad:03:91","-78","fc:ec:da:47:1f:b7","-72","04:18:d6:ad:04:71","-81"
